"ano";"mes";"hom_doloso";"lesao_corp_morte";"latrocinio";"hom_por_interv_policial";"letalidade_violenta";"tentat_hom";"lesao_corp_dolosa";"estupro";"hom_culposo";"lesao_corp_culposa";"roubo_comercio";"roubo_residencia";"roubo_veiculo";"roubo_carga";"roubo_transeunte";"roubo_em_coletivo";"roubo_banco";"roubo_cx_eletronico";"roubo_celular";"roubo_conducao_saque";"roubo_apos_saque";"roubo_bicicleta";"outros_roubos";"total_roubos";"furto_veiculos";"furto_transeunte";"furto_coletivo";"furto_celular";"furto_bicicleta";"outros_furtos";"total_furtos";"sequestro";"extorsao";"sequestro_relampago";"estelionato";"apreensao_drogas";"posse_drogas";"trafico_drogas";"apreensao_drogas_sem_autor";"recuperacao_veiculos";"apf";"aaapai";"cmp";"cmba";"ameaca";"pessoas_desaparecidas";"encontro_cadaver";"encontro_ossada";"pol_militares_mortos_serv";"pol_civis_mortos_serv";"indicador_cvli";"indicador_roubo_rua";"indicador_roubo_veic";"indicador_roubo_carga";"registro_ocorrencias";"fase"
2003;1;"4,01";"0,04";"0,14";"0,61";"4,8";"2,48";"46,94";"1,67";"1,11";"21,08";"4,01";"1,17";;"2,43";"9,71";"4,48";"0,03";"0,01";"6,58";"0,12";"1,43";;"18,09";"70,08";;"6,69";"0,33";"5,17";;"45,95";"71,36";"0,01";"0,16";"0";"6,02";"6,83";;;;;;;;;"41,71";"2,78";"0,98";"0,02";;;"4,19";"20,77";;"2,43";"304,9";3
2003;2;"3,97";"0,03";"0,08";"0,76";"4,83";"2,46";"48,32";"1,5";"1,28";"21,83";"4,9";"1,16";;"3,02";"10,43";"4,7";"0,08";"0";"6,55";"0,14";"1,59";;"18,24";"72,38";;"5,84";"0,36";"4,41";;"47,95";"70,35";"0,02";"0,2";"0";"5,46";"7,89";;;;;;;;;"41,16";"2,89";"1,27";"0,03";;;"4,08";"21,69";;"3,02";"309,05";3
2003;3;"4,17";"0,03";"0,11";"0,77";"5,08";"2,26";"47,43";"1,61";"1,28";"20,37";"4,36";"1,21";;"2,11";"10,46";"4,65";"0,05";"0,01";"6,68";"0,22";"1,29";;"16,96";"67,9";;"6,42";"0,37";"4,4";;"51,04";"74,71";"0";"0,2";"0";"5,59";"7,71";;;;;;;;;"39,43";"3,14";"1,06";"0,05";;;"4,32";"21,79";;"2,11";"309,13";3
2003;4;"3,98";"0,07";"0,1";"0,85";"5";"2,02";"43,84";"1,46";"1,41";"20,98";"4,78";"1,15";;"2,06";"10,41";"4,25";"0,07";"0";"6,85";"0,25";"1,58";;"17,99";"69,57";;"5,31";"0,39";"3,68";;"49,94";"70,85";"0,02";"0,28";"0";"5,57";"7,22";;;;;;;;;"38,29";"2,35";"0,82";"0,03";;;"4,15";"21,51";;"2,06";"300,72";3
2003;5;"4,08";"0,04";"0,14";"0,65";"4,91";"2,59";"39,77";"1,29";"1,55";"22,34";"4,85";"1,28";;"2,35";"10,6";"4,51";"0,02";"0,01";"7,3";"0,18";"1,86";;"19,51";"74,01";;"5,53";"0,39";"3,77";;"48,91";"70,87";"0,01";"0,39";"0";"5,95";"6,94";;;;;;;;;"37";"2,84";"1";"0,03";;;"4,25";"22,41";;"2,35";"310,15";3
2003;6;"3,72";"0,01";"0,1";"0,59";"4,41";"2,15";"42,88";"1,35";"1,61";"22,04";"4,38";"0,95";;"2,12";"9,7";"3,67";"0,03";"0";"6,55";"0,21";"1,67";;"16,92";"64,5";;"5,35";"0,24";"3,29";;"43,29";"62,63";"0,01";"0,4";"0";"5,85";"7,65";;;;;;;;;"38,56";"2,63";"0,94";"0,03";;;"3,82";"19,93";;"2,12";"300,05";3
2003;7;"3,55";"0,05";"0,11";"0,67";"4,39";"2,76";"41,09";"1,27";"1,32";"21,74";"5,14";"1,17";;"2,18";"9,4";"2,87";"0,03";"0";"6,86";"0,15";"1,87";;"16,91";"63,7";;"4,91";"0,24";"3,86";;"44,42";"64,68";"0";"0,32";"0,02";"6,58";"8,13";;;;;;;;;"37,53";"2,26";"0,79";"0,02";;;"3,72";"19,12";;"2,18";"300,92";3
2003;8;"3,37";"0,03";"0,07";"0,63";"4,1";"2,69";"39,3";"1,38";"1,26";"21,9";"3,92";"1,1";;"2,06";"10,04";"2,35";"0,01";"0";"7,01";"0,12";"1,52";;"17,46";"62,58";;"4,89";"0,28";"3,6";;"42,73";"62,21";"0,01";"0,34";"0,04";"6,06";"7,85";;;;;;;;;"35,62";"2,59";"1,22";"0,03";;;"3,46";"19,4";;"2,06";"286,35";3
2003;9;"3,45";"0,03";"0,11";"0,69";"4,27";"1,83";"40,8";"1,46";"1,23";"21,45";"3,85";"1,27";;"1,83";"10,13";"2,54";"0,01";"0,01";"8,1";"0,18";"1,61";;"18,79";"65,3";;"4,69";"0,23";"4,42";;"45,39";"65,11";"0,01";"0,52";"0,03";"6,51";"7,65";;;;;;;;;"39,24";"2,88";"0,72";"0,03";;;"3,58";"20,77";;"1,83";"299,79";3
2003;10;"3,29";"0,01";"0,11";"0,89";"4,3";"2,32";"41,65";"1,41";"1,26";"24,02";"3,79";"0,96";;"2,44";"9,81";"2,32";"0";"0,01";"8,6";"0,18";"1,63";;"18,78";"66,73";;"4,64";"0,21";"4,34";;"45,61";"65,26";"0";"0,81";"0,02";"6,83";"8,03";;;;;;;;;"38,42";"2,59";"0,65";"0,04";;;"3,41";"20,74";;"2,44";"304,43";3
2003;11;"3,56";"0,02";"0,08";"0,51";"4,16";"2,18";"46,13";"1,56";"1,17";"22,84";"3,52";"1,04";;"2,2";"9,72";"2,46";"0,01";"0";"7,61";"0,09";"1,57";;"16,97";"61,56";;"5,1";"0,26";"4,4";;"43,9";"64,17";"0,01";"0,59";"0,03";"6,42";"7,91";;;;;;;;;"40,69";"2,93";"0,7";"0,03";;;"3,66";"19,79";;"2,2";"296,49";3
2003;12;"3,72";"0,01";"0,08";"0,48";"4,3";"2,19";"51,55";"1,49";"1,62";"25,76";"3,66";"1,23";;"2,77";"10,67";"2,04";"0,03";"0,01";"7,68";"0,13";"1,89";;"18,32";"66,43";;"6,22";"0,15";"4,09";;"46,79";"67,28";"0,01";"0,59";"0,03";"5,68";"6,59";;;;;;;;;"42,74";"2,62";"0,87";"0,01";;;"3,82";"20,39";;"2,77";"308,32";3
2004;1;"3,89";"0,03";"0,08";"0,52";"4,52";"2,04";"44,12";"1,66";"1,26";"21,81";"3,1";"1,14";;"1,97";"9,32";"2,16";"0,01";"0,03";"8,78";"0,18";"1,54";;"19,34";"65,56";;"5,44";"0,23";"5,34";;"46,64";"69,4";"0";"0,64";"0,03";"6,48";"7,26";;;;;;;;;"42,22";"2,94";"0,97";"0,07";;;"4";"20,26";;"1,97";"304,93";3
2004;2;"3,64";"0,03";"0,11";"0,44";"4,21";"2,13";"43,48";"1,34";"1,2";"21,32";"3,16";"1,1";;"1,88";"9,63";"2,72";"0,01";"0,02";"7,24";"0,11";"1,7";;"18,03";"61,03";;"5,47";"0,34";"4,84";;"46,15";"67,45";"0,01";"0,59";"0,03";"5,66";"7,01";;;;;;;;;"34,71";"2,67";"0,71";"0,02";;;"3,78";"19,6";;"1,88";"284,97";3
2004;3;"3,56";"0,01";"0,11";"0,55";"4,23";"2,29";"43,47";"1,74";"1,25";"21,66";"3,67";"1,21";;"2,61";"10,29";"3,07";"0,03";"0";"9,37";"0,13";"1,9";;"19,84";"70,82";;"5,01";"0,32";"5,41";;"49,57";"71,73";"0";"0,83";"0,03";"7,05";"6,71";;;;;;;;;"39,62";"2,67";"0,66";"0,03";;;"3,68";"22,73";;"2,61";"320,14";3
2004;4;"3,46";"0,01";"0,14";"0,46";"4,06";"1,82";"41,7";"1,61";"1,47";"21,23";"3,61";"1,01";;"2,84";"12,72";"3,06";"0,02";"0,01";"6,7";"0,12";"1,47";;"15,76";"66,79";;"4,6";"0,43";"4,8";;"44,05";"65,44";"0,01";"0,52";"0,02";"6,72";"6,45";;;;;;;;;"36,63";"2,75";"0,75";"0,03";;;"3,61";"22,48";;"2,84";"302,19";3
2004;5;"4,07";"0,03";"0,12";"0,69";"4,92";"2,29";"40,75";"1,31";"1,36";"24,58";"3,78";"1";;"3,23";"11,38";"2,58";"0,03";"0";"9,39";"0,07";"1,52";;"12,9";"66,47";;"4,53";"0,4";"4,9";;"45,12";"66,89";"0";"0,85";"0,01";"6,94";"7,49";;;;;;;;;"36,62";"2,57";"0,74";"0,04";;;"4,23";"23,36";;"3,23";"311,53";3
2004;6;"3,38";"0,01";"0,09";"0,5";"3,98";"1,63";"36,79";"1,45";"1,28";"21,04";"3,55";"1,02";;"2,82";"10,72";"2,95";"0,01";"0,01";"9,22";"0,07";"1,7";;"12,42";"63,26";;"5,13";"0,44";"5,37";;"44,13";"65,95";"0,01";"0,74";"0,04";"7,41";"7,32";;;;;;;;;"33,82";"2,16";"0,54";"0,02";;;"3,47";"22,9";;"2,82";"301,67";3
2004;7;"3,37";"0,01";"0,1";"0,46";"3,94";"1,95";"35,68";"1,3";"1,54";"21,84";"3,81";"1,08";;"2,45";"11,75";"3,91";"0,03";"0";"7,13";"0,13";"1,61";;"12,2";"63,11";;"5,17";"1,18";"5,21";;"40,6";"62,94";"0";"0,37";"0,01";"7,31";"6,55";;;;;;;;;"33,2";"2,43";"0,7";"0,02";;;"3,48";"22,8";;"2,45";"300,54";3
2004;8;"3,47";"0,04";"0,09";"0,6";"4,2";"2,21";"41,28";"1,84";"1,59";"22,26";"3,03";"0,89";;"2,03";"12,96";"3,79";"0,01";"0";"5,32";"0,1";"1,46";;"10,2";"56,4";;"5";"1,51";"5,99";;"41,33";"64,18";"0";"0,51";"0,01";"7,13";"7,26";;;;;;;;;"36,07";"2,35";"0,8";"0,03";;;"3,6";"22,08";;"2,03";"313,12";3
2004;9;"3,37";"0,01";"0,14";"0,57";"4,1";"1,95";"44,01";"1,88";"1,58";"23,16";"3,63";"0,81";;"2,34";"13,7";"4,73";"0,01";"0";"3,16";"0,03";"1,1";;"7,68";"54,58";;"4,67";"1,98";"5,84";;"39,77";"62,21";"0,01";"0,45";"0,01";"6,52";"6,28";;;;;;;;;"36,37";"2,54";"0,69";"0,02";;;"3,53";"21,6";;"2,34";"309,14";3
2004;10;"3,47";"0,04";"0,09";"0,76";"4,36";"2,13";"43,07";"1,81";"1,39";"22,59";"3,14";"0,94";;"2,71";"15,08";"5,03";"0,04";"0,03";"2,58";"0,06";"1,3";;"8,33";"57,49";;"5,23";"1,8";"5,64";;"40,8";"64,15";"0,01";"0,57";"0,03";"7,24";"6,23";;;;;;;;;"35,29";"2,49";"0,57";"0,02";;;"3,6";"22,69";;"2,71";"309,32";3
2004;11;"3,79";"0,03";"0,12";"0,6";"4,53";"1,89";"41,43";"1,86";"1,28";"22,21";"3,44";"1,18";;"2,84";"15,16";"4,76";"0,02";"0,01";"2,9";"0,09";"1,51";;"8,62";"58,1";;"5,06";"2,11";"5,14";;"43,39";"65,84";"0,01";"0,68";"0,03";"7,58";"6,07";;;;;;;;;"35,65";"2,31";"0,52";"0,02";;;"3,93";"22,82";;"2,84";"308,93";3
2004;12;"3,62";"0,01";"0,05";"0,43";"4,11";"2,06";"46,09";"1,72";"1,72";"24,93";"3,32";"1,08";;"3,81";"16,06";"4,64";"0,03";"0,02";"2,53";"0,2";"1,76";;"8,15";"58,72";;"6,47";"2,2";"5,6";;"44,27";"68,61";"0,01";"0,99";"0,01";"8,13";"5,72";;;;;;;;;"37,08";"2,63";"0,58";"0";;;"3,68";"23,23";;"3,81";"315,18";3
2005;1;"4,03";"0,04";"0,13";"0,48";"4,67";"2,55";"46,77";"2,22";"1,46";"22,17";"2,84";"1,03";;"2,67";"16,08";"4,31";"0,01";"0,03";"2,92";"0,17";"1,1";;"8,65";"58,02";;"6,57";"1,87";"7,12";;"45";"72,16";"0,01";"1,15";"0,03";"7,93";"6,49";;;;;;;;;"39,27";"2,74";"0,58";"0,01";;;"4,19";"23,31";;"2,67";"313,68";3
2005;2;"4,1";"0,03";"0,08";"0,39";"4,6";"2,03";"38,81";"1,72";"1,22";"17,51";"2,88";"0,97";;"2,79";"16,81";"4,07";"0,04";"0,03";"2,72";"0,13";"1,03";;"8,91";"57,67";;"7,34";"1,82";"6,55";;"42,02";"67,81";"0,01";"1,27";"0,06";"6,73";"5,57";;;;;;;;;"31,6";"2,1";"0,56";"0,02";;;"4,21";"23,6";;"2,79";"292,69";3
2005;3;"4,52";"0,01";"0,17";"0,62";"5,32";"2,28";"44,69";"2,1";"1,65";"20,09";"3,07";"1,11";;"2,93";"19,04";"5,37";"0,01";"0,07";"3,66";"0,13";"1,15";;"10,73";"67,5";;"6,24";"2,25";"8,55";;"43,78";"72,82";"0";"1,56";"0,03";"8,46";"6,69";;;;;;;;;"38,96";"2,8";"0,57";"0,05";;;"4,7";"28,07";;"2,93";"332,26";3
2005;4;"3,48";"0,02";"0,1";"0,44";"4,04";"2,25";"44,66";"1,91";"1,57";"21,35";"2,9";"0,88";;"2,36";"17,87";"5,64";"0,02";"0,01";"3,9";"0,13";"1,05";;"10,58";"65,52";;"6,05";"2,3";"7,86";;"40,9";"68,8";"0";"1,79";"0,09";"7,82";"6,4";;;;;;;;;"38,42";"2,6";"0,38";"0,04";;;"3,6";"27,4";;"2,36";"324,48";3
2005;5;"3,71";"0,04";"0,13";"0,61";"4,49";"2,56";"42,35";"2,02";"1,8";"20,99";"3,07";"0,98";;"2,37";"20";"5,9";"0,01";"0,02";"4,12";"0,17";"1,08";;"10,29";"67,84";;"6,78";"2,55";"8,12";;"41,85";"72,04";"0,01";"1,66";"0,04";"9,13";"6,52";;;;;;;;;"35,72";"2,54";"0,34";"0,02";;;"3,87";"30,02";;"2,37";"330,31";3
2005;6;"3,22";"0,03";"0,11";"0,77";"4,13";"2,01";"40,49";"1,86";"1,62";"20,21";"2,79";"0,95";;"2,62";"19,93";"5,45";"0,01";"0,07";"4,12";"0,1";"0,98";;"9,03";"62,72";;"6,84";"2,32";"7,9";;"41,77";"70,71";"0";"1,78";"0,07";"9,08";"6,43";;;;;;;;;"34,87";"2,24";"0,48";"0,03";;;"3,37";"29,51";;"2,62";"324,46";3
2005;7;"3,83";"0,03";"0,15";"0,59";"4,6";"1,99";"38,83";"1,62";"1,79";"19,53";"2,96";"1,09";;"2,32";"20,07";"5,56";"0,01";"0,05";"4,03";"0,13";"0,84";;"9,09";"62,25";;"6,56";"2,41";"8,02";;"40,32";"69,23";"0,01";"1,08";"0,2";"9,32";"6,47";;;;;;;;;"32,15";"2,06";"0,48";"0,01";;;"4,01";"29,65";;"2,32";"307,09";3
2005;8;"3,71";"0,04";"0,12";"0,78";"4,65";"1,94";"44,18";"1,95";"1,31";"19,65";"2,68";"1,22";;"2,64";"21,45";"5,16";"0,01";"0,05";"4,62";"0,12";"1,01";;"9,41";"64,56";;"7,17";"2,87";"9,03";;"44,99";"75,36";"0";"0,94";"0,03";"9,79";"7,07";;;;;;;;;"38,86";"2,45";"0,6";"0,03";;;"3,86";"31,23";;"2,64";"332,84";3
2005;9;"3,51";"0,03";"0,08";"0,73";"4,35";"2,29";"39,96";"2,34";"1,48";"18,96";"2,42";"0,96";;"2,25";"20,08";"5,06";"0";"0,05";"3,71";"0,12";"0,84";;"5,35";"58,2";;"6,65";"2,26";"8,23";;"32,68";"61,18";"0";"0,82";"0,03";"8,99";"6,48";;;;;;;;;"33";"2,12";"0,44";"0,02";;;"3,62";"28,85";;"2,25";"310,43";3
2005;10;"3,31";"0,03";"0,1";"0,69";"4,13";"2";"48,27";"2,18";"1,56";"20,28";"2,66";"0,91";;"2,05";"22,61";"5,07";"0";"0,04";"4,22";"0,07";"0,92";;"5,4";"62,24";;"7,7";"2,51";"9,6";;"34,42";"65,95";"0";"0,83";"0,05";"8,16";"6,69";;;;;;;;;"37,6";"2,73";"0,56";"0,03";;;"3,44";"31,91";;"2,05";"330,01";3
2005;11;"3,25";"0,06";"0,11";"0,62";"4,04";"2,07";"41,22";"1,76";"1,34";"17,96";"2,32";"0,99";;"2,26";"22,11";"5,12";"0,01";"0,02";"3,89";"0,09";"0,9";;"5,19";"61,19";;"8,3";"2,66";"8,57";;"34,83";"66,96";"0,03";"0,82";"0,03";"9,59";"5,87";;;;;;;;;"33,91";"2,2";"0,5";"0,01";;;"3,42";"31,12";;"2,26";"313,73";3
2005;12;"3,05";"0,03";"0,12";"0,51";"3,71";"1,8";"44,32";"1,85";"1,58";"21,65";"2,57";"1,08";;"3,26";"22,05";"4,97";"0";"0,04";"3,71";"0,11";"0,89";;"5,28";"61,12";;"9,77";"2,81";"9,21";;"37,28";"70,95";"0";"0,99";"0,06";"9,83";"6,94";;;;;;;;;"34,23";"2,45";"0,54";"0,01";;;"3,21";"30,73";;"3,26";"325,88";3
2006;1;"3,15";"0,03";"0,08";"0,43";"3,69";"1,87";"47,57";"2,04";"1,39";"20,13";"2,22";"0,95";;"2,26";"22,45";"5,43";"0,02";"0,05";"3,68";"0,07";"0,74";;"5,6";"60,94";;"9,59";"2,44";"10,76";;"39";"73,84";"0";"1,13";"0,03";"9,71";"6,96";"3,39";"2,32";"1,4";;"8,3";"2,19";"4,6";"0,33";"39,39";"2,86";"0,49";"0,04";;;"3,26";"31,57";;"2,26";"337,83";3
2006;2;"3,42";"0,03";"0,13";"0,46";"4,03";"2,27";"46,99";"1,77";"1,19";"16,3";"2,86";"1,01";;"2,53";"21,95";"4,77";"0,03";"0,03";"3,48";"0,07";"0,67";;"6,11";"62,13";;"13,5";"2,37";"9,89";;"37,21";"74,83";"0";"1,13";"0,01";"8,77";"6,62";"3,01";"2,45";"1,27";;"9,06";"2,36";"4,16";"0,27";"36,69";"2,57";"0,56";"0,04";;;"3,57";"30,2";;"2,53";"327,76";3
2006;3;"3,98";"0,04";"0,15";"0,6";"4,77";"2,37";"45,62";"1,84";"1,57";"18,03";"2,78";"0,97";;"2,42";"22,93";"5,04";"0,03";"0,02";"3,73";"0,14";"0,93";;"5,43";"64,64";;"9,35";"2,34";"9,3";;"38,74";"71,77";"0";"1,1";"0,01";"9,59";"5,76";"2,29";"2,33";"1,28";;"8,96";"2,59";"4,94";"0,3";"36,56";"2,5";"0,48";"0,01";;;"4,17";"31,7";;"2,42";"334,45";3
2006;4;"3,79";"0,02";"0,2";"0,66";"4,67";"2,2";"40,49";"1,45";"1,39";"18,09";"3,07";"1,05";;"2,43";"26,24";"6,13";"0,02";"0,06";"4,54";"0,06";"0,99";;"6,45";"71,32";;"9,26";"2,88";"10,08";;"38,03";"72,63";"0";"0,9";"0";"8,35";"6,03";"2,57";"2,21";"1,38";;"9,02";"2,09";"4,18";"0,16";"33,43";"2,35";"0,34";"0,01";;;"4,01";"36,92";;"2,43";"328,89";3
2006;5;"3,58";"0,03";"0,09";"0,58";"4,28";"2,34";"36,15";"1,66";"1,5";"19,29";"3,09";"1,11";;"2,57";"26,84";"6,15";"0,05";"0,03";"5,28";"0,12";"1,09";;"5,42";"72,85";;"9,68";"3,41";"11,95";;"37,94";"75,89";"0,01";"0,8";"0,07";"10,07";"6,5";"2,71";"2,47";"1,47";;"8,63";"1,92";"5,33";"0,72";"32,38";"2,2";"0,52";"0,05";;;"3,7";"38,28";;"2,57";"337,8";3
2006;6;"3,1";"0,05";"0,07";"0,67";"3,88";"2,07";"38,91";"1,82";"1,24";"17,97";"2,6";"0,88";;"2,22";"24,91";"5,83";"0,03";"0";"4,74";"0,07";"0,92";;"5,6";"65,71";;"9,48";"2,79";"10,72";;"35,9";"71,47";"0,01";"0,6";"0,03";"9,43";"6,04";"2,54";"2,12";"1,5";;"7,92";"1,95";"4,6";"0,24";"32,72";"2,28";"0,41";"0,01";;;"3,22";"35,48";;"2,22";"318,92";3
2006;7;"3,12";"0,03";"0,1";"0,57";"3,83";"1,75";"37,25";"1,78";"1,51";"20,05";"2,44";"1";;"2,23";"25,45";"6,03";"0,04";"0";"4,58";"0,14";"1,19";;"5,2";"65,45";;"10,66";"3";"11,36";;"38,64";"76,99";"0,01";"0,54";"0,05";"10,36";"6,78";"2,64";"2,81";"1,46";;"8,23";"1,78";"5,48";"0,2";"31,67";"2,32";"0,45";"0,03";;;"3,25";"36,07";;"2,23";"331,56";3
2006;8;"3,07";"0,04";"0,09";"0,81";"4,01";"2,11";"40,83";"1,72";"1,58";"19,85";"2,48";"1,05";;"2,55";"25,83";"5,77";"0,02";"0,04";"4,92";"0,14";"1,17";;"5,37";"66,7";;"10,61";"3,27";"11,78";;"40,28";"78,61";"0";"0,7";"0,08";"10,48";"6,56";"2,9";"2,52";"1,31";;"8,53";"1,89";"5,87";"0,28";"35,64";"2,51";"0,4";"0,01";;;"3,2";"36,51";;"2,55";"342,58";3
2006;9;"3,4";"0,02";"0,12";"0,49";"4,03";"2,14";"38,39";"1,64";"1,44";"20,34";"2,36";"0,96";;"2,42";"25,5";"5,61";"0";"0,05";"4,51";"0,12";"1,12";;"5,21";"66,6";;"9,41";"3,27";"10,63";;"35,67";"70,81";"0,01";"0,76";"0,04";"10,12";"6,12";"2,77";"2,23";"1,23";;"8,68";"1,78";"4,86";"0,22";"33,08";"2,54";"0,48";"0,05";;;"3,54";"35,62";;"2,42";"321,85";3
2006;10;"3,59";"0,01";"0,08";"0,57";"4,26";"2,33";"40,7";"1,8";"1,28";"20,06";"2,38";"0,98";;"2,57";"27,33";"5,9";"0,01";"0,07";"4,43";"0,1";"1,09";;"9,31";"73,32";;"9,79";"3,17";"10,91";;"46,87";"83,76";"0";"1,43";"0,03";"11,3";"5,46";"2,49";"1,86";"1,21";;"8,86";"1,88";"4,37";"0,24";"33,36";"2,69";"0,45";"0,04";;;"3,69";"37,66";;"2,57";"338,21";3
2006;11;"3,43";"0,05";"0,1";"0,57";"4,15";"2";"38,04";"1,67";"1,48";"19,55";"2,68";"0,89";;"2,76";"27";"5,63";"0,03";"0,05";"4,18";"0,1";"1,19";;"8,85";"72,03";;"10,27";"3,25";"10,7";;"47,6";"83,74";"0";"1,65";"0,1";"11";"5,11";"2,02";"2,04";"1,16";;"8,07";"1,93";"5,25";"0,19";"29,75";"2,38";"0,37";"0,01";;;"3,58";"36,81";;"2,76";"329,36";3
2006;12;"3,67";"0,03";"0,15";"0,53";"4,37";"2,81";"42,64";"1,72";"1,61";"21,04";"2,54";"0,82";;"2,87";"26,21";"5,4";"0,01";"0,02";"3,93";"0,08";"1,07";;"8,29";"68,78";;"12,14";"3,47";"11,79";;"47,09";"85,76";"0,01";"1,42";"0,03";"10,3";"4,5";"1,84";"1,7";"1,03";;"7,63";"1,54";"4,63";"0,17";"29,12";"2,59";"0,44";"0,03";;;"3,84";"35,54";;"2,87";"330,58";3
2007;1;"3,42";"0,05";"0,05";"0,76";"4,27";"1,99";"39,38";"2,03";"1,18";"18,54";"2,14";"0,85";;"2,69";"27,73";"5,45";"0,01";"0,03";"3,94";"0,11";"1,03";;"8,73";"71,17";;"12,05";"2,67";"11,96";;"48,05";"87,49";"0";"0,94";"0,01";"12,08";"5,23";"2,28";"2,01";"1,06";;"8,54";"1,89";"5";"0,29";"34,81";"2,58";"0,57";"0,02";;;"3,51";"37,13";;"2,69";"334,58";3
2007;2;"3,15";"0,02";"0,07";"0,58";"3,83";"1,95";"41,17";"1,48";"1,2";"17,85";"2,05";"0,84";;"2,01";"27,26";"4,94";"0,01";"0,04";"3,48";"0,05";"0,93";;"8,7";"67,03";;"15,41";"2,78";"10,4";;"45,66";"86,32";"0,01";"0,53";"0,01";"10,76";"5,35";"2,68";"1,9";"0,9";;"8,32";"1,77";"4,08";"0,18";"32,76";"2,43";"0,47";"0,01";;;"3,24";"35,69";;"2,01";"321,18";3
2007;3;"4,15";"0,05";"0,14";"0,72";"5,06";"2,65";"46,25";"1,87";"1,51";"20,97";"2,54";"1,03";;"3,28";"31,52";"6,46";"0,03";"0,02";"4,47";"0,07";"1,12";;"10,02";"82,27";;"11,68";"3,3";"10,05";;"49,29";"86,7";"0";"0,91";"0";"12,53";"5,74";"2,51";"2,19";"1,16";;"8,64";"2,15";"6,39";"0,25";"38,76";"3,07";"0,65";"0,07";;;"4,34";"42,45";;"3,28";"369,49";3
2007;4;"3,71";"0,02";"0,1";"0,85";"4,67";"2,38";"41,97";"1,61";"1,62";"21,24";"2,8";"1,06";;"2,42";"31,15";"5,67";"0,01";"0,02";"4,24";"0,08";"0,94";;"8,24";"74,67";;"11,38";"3,27";"8,98";;"44,36";"79,08";"0,01";"0,74";"0,03";"10,75";"5,34";"2,25";"2,09";"1,13";;"8,98";"2,13";"5,11";"0,3";"34,88";"2,53";"0,47";"0,01";;;"3,82";"41,05";;"2,42";"333,98";3
2007;5;"3,02";"0,02";"0,11";"0,89";"4,03";"2,36";"34,8";"1,66";"1,57";"21,45";"2,8";"0,91";;"2,54";"33,86";"6,21";"0,02";"0,01";"4,44";"0,08";"1,38";;"8,4";"78,66";;"12,84";"4,15";"10,66";;"47,21";"86,64";"0";"0,44";"0,07";"13,18";"5,82";"2,16";"2,43";"1,4";;"10,34";"2,23";"5,99";"0,22";"30,77";"2,21";"0,38";"0,02";;;"3,15";"44,51";;"2,54";"346,56";3
2007;6;"2,88";"0,02";"0,11";"0,7";"3,71";"1,96";"35,32";"1,65";"1,56";"22,62";"2,61";"0,86";;"2,43";"32,85";"5,62";"0,01";"0,01";"4,19";"0,07";"1,24";;"7,96";"74,32";;"12,23";"3,93";"8,87";;"45,08";"81,61";"0";"0,32";"0,02";"12,34";"5,41";"1,94";"2,47";"1,11";;"9,25";"1,82";"6,15";"0,33";"30,96";"2,68";"0,37";"0,02";;;"3,01";"42,66";;"2,43";"332,91";3
2007;7;"2,95";"0,02";"0,06";"0,52";"3,56";"2,04";"35,3";"1,54";"1,89";"20,62";"2,61";"0,85";;"2,18";"29,29";"5,07";"0,01";"0,02";"3,64";"0,07";"1,38";;"7,54";"67,45";;"12,22";"3,64";"8,75";;"44,3";"79,82";"0,01";"0,58";"0,03";"12,55";"5,47";"2,04";"2,6";"0,96";;"10,17";"1,58";"6,13";"0,33";"31,53";"2,3";"0,32";"0,02";;;"3,04";"38";;"2,18";"326,89";3
2007;8;"3,38";"0,02";"0,09";"0,82";"4,31";"2,43";"36,24";"1,68";"1,72";"21,41";"2,5";"0,94";;"2,21";"33,91";"5,89";"0,01";"0,03";"4,13";"0,1";"1,36";;"8,03";"75,04";;"12,7";"3,96";"9,44";;"46,28";"83,98";"0,01";"0,59";"0,04";"13,03";"5,46";"1,96";"2,42";"1,21";;"9,57";"1,92";"6,91";"0,41";"32,79";"2,49";"0,28";"0,02";;;"3,49";"43,93";;"2,21";"345,2";3
2007;9;"2,88";"0,01";"0,1";"0,81";"3,8";"2,18";"40,86";"1,88";"1,93";"23,59";"2,28";"0,79";;"2,11";"33,52";"5,38";"0,01";"0,02";"4,5";"0,14";"1,28";;"7,89";"73,24";;"12,07";"3,57";"9,58";;"46,09";"83,11";"0";"0,6";"0,01";"11,84";"4,97";"1,82";"2,34";"0,97";;"10,04";"1,79";"5,69";"0,19";"34,5";"2,56";"0,3";"0,05";;;"2,99";"43,4";;"2,11";"339,66";3
2007;10;"3,13";"0,01";"0,15";"0,73";"4,01";"1,99";"40,8";"1,84";"1,66";"22,42";"2,55";"0,97";;"2,09";"35,28";"5,45";"0,02";"0,05";"4,34";"0,06";"1,38";;"8,09";"76,15";;"13,62";"3,9";"10,09";;"49,03";"88,35";"0";"0,66";"0,02";"13,04";"5,55";"2,06";"2,43";"1,24";;"9,66";"2,15";"6,57";"0,36";"35,87";"2,55";"0,32";"0,02";;;"3,29";"45,08";;"2,09";"356,37";3
2007;11;"3,4";"0,02";"0,11";"0,71";"4,24";"2,09";"39,57";"1,86";"1,29";"20,79";"2,39";"0,84";;"2,47";"33,66";"4,91";"0,01";"0,04";"3,74";"0,05";"1,22";;"7,43";"72,86";;"12,49";"3,75";"9,03";;"47,45";"84,34";"0";"0,59";"0,02";"11,95";"5,45";"1,98";"2,4";"1,23";;"9,8";"1,94";"4,89";"0,36";"32,89";"2,32";"0,32";"0";;;"3,53";"42,32";;"2,47";"333,04";3
2007;12;"3,58";"0,04";"0,15";"0,51";"4,28";"2,4";"46,01";"1,72";"1,76";"22,74";"2,55";"0,84";;"2,49";"34,42";"5,21";"0,01";"0,01";"3,94";"0,1";"1,03";;"8,57";"75,33";;"15,3";"4,1";"10,28";;"47,74";"88,26";"0";"0,5";"0,02";"11,36";"4,49";"1,78";"1,83";"0,98";;"9,02";"1,45";"5,32";"0,32";"34,15";"2,23";"0,49";"0";;;"3,76";"43,58";;"2,49";"342,9";3
2008;1;"3,46";"0,03";"0,07";"0,7";"4,26";"1,98";"40,2";"1,65";"1,29";"19,11";"2,42";"0,78";;"2,26";"36,31";"5,32";"0,03";"0,04";"4,4";"0,11";"1,06";;"8,73";"77,5";;"16,08";"3,8";"11,74";;"50,09";"93,37";"0,01";"0,73";"0,03";"13,59";"4,67";"1,74";"2,13";"0,91";;"8,76";"1,7";"5,57";"0,39";"35,68";"2,67";"0,39";"0,02";;;"3,56";"46,03";;"2,26";"355,55";3
2008;2;"3,24";"0,03";"0,13";"0,7";"4,11";"2,09";"38,6";"1,65";"1,17";"18,89";"2,68";"0,8";;"1,53";"35,2";"5,37";"0,01";"0,04";"4,37";"0,1";"1";;"8,11";"74,62";;"18,32";"3,88";"11,36";;"48,8";"93,64";"0";"1,11";"0,01";"11,88";"4,73";"1,83";"2,14";"0,89";;"9,32";"1,79";"5,48";"0,31";"31,47";"2,32";"0,44";"0,01";;;"3,41";"44,94";;"1,53";"338,25";3
2008;3;"3,38";"0,01";"0,13";"0,9";"4,43";"2,18";"42,57";"2,12";"1,65";"23,43";"2,7";"0,83";;"1,76";"34,49";"5,89";"0,02";"0,03";"4,48";"0,12";"1,18";;"7,42";"74,32";;"12,41";"4,12";"10,21";;"48,14";"86,71";"0";"0,96";"0,03";"13,98";"5,66";"2,32";"2,44";"1,03";;"9,56";"1,67";"6,35";"0,3";"35,88";"2,54";"0,43";"0,01";;;"3,53";"44,87";;"1,76";"352,09";3
2008;4;"3,04";"0,03";"0,08";"0,94";"4,1";"2,08";"38,56";"1,87";"1,41";"22,48";"2,44";"0,63";;"1,72";"35,49";"5,92";"0,01";"0,04";"4,04";"0,06";"1,19";;"7,4";"72,91";;"11,99";"3,87";"10,51";;"47,9";"85,59";"0";"0,85";"0,04";"13,85";"5,47";"2,35";"2,39";"0,9";;"9,68";"1,72";"6,29";"0,28";"33,45";"2,51";"0,33";"0,01";;;"3,15";"45,44";;"1,72";"340,21";3
2008;5;"2,64";"0,01";"0,14";"0,94";"3,73";"2,14";"36,41";"1,68";"1,6";"23,11";"2,64";"0,73";;"1,93";"36,52";"5,48";"0,03";"0,01";"4,16";"0,1";"1,26";;"7,22";"74,49";;"13,5";"4,33";"11,57";;"49,35";"90,16";"0,01";"0,9";"0,06";"13,32";"5,43";"2,06";"2,52";"0,95";;"9,81";"1,88";"5,52";"0,2";"33,17";"2,06";"0,35";"0,01";;;"2,79";"46,15";;"1,93";"342,23";3
2008;6;"2,57";"0,03";"0,12";"0,67";"3,39";"2,01";"35,14";"1,98";"1,41";"21,59";"2,6";"0,75";;"1,44";"35,49";"4,93";"0,01";"0,03";"4,66";"0,12";"0,99";;"7,61";"72,06";;"12,96";"4,31";"11,12";;"48,68";"88,45";"0,01";"0,78";"0,01";"12,87";"5,39";"2,17";"2,51";"0,91";;"9,64";"1,68";"5,4";"0,32";"31,08";"2,65";"0,31";"0,03";;;"2,72";"45,08";;"1,44";"336,35";3
2008;7;"2,64";"0,03";"0,13";"0,4";"3,2";"1,83";"36,01";"1,89";"1,49";"20,92";"2,56";"0,64";;"1,65";"37,83";"4,7";"0,04";"0,01";"4,45";"0,06";"1,05";;"8,12";"75,22";;"14,85";"4,24";"11,19";;"49,32";"90,55";"0,01";"0,91";"0,03";"13,14";"4,58";"1,87";"1,85";"0,98";;"9,97";"1,76";"6,98";"0,26";"32,98";"2,79";"0,29";"0,01";;;"2,8";"46,97";;"1,65";"349,28";3
2008;8;"2,75";"0,06";"0,11";"0,19";"3,12";"2,13";"38,86";"2,05";"1,62";"21,32";"2,42";"0,82";;"1,51";"35,78";"5,01";"0,06";"0,03";"4,58";"0,11";"1,59";;"8,39";"75,03";;"14,32";"4,35";"11,04";;"47,74";"89,55";"0";"0,77";"0,04";"12,85";"4,49";"1,78";"1,9";"0,91";;"9,12";"1,68";"6,78";"0,44";"34,56";"2,97";"0,27";"0,05";;;"2,92";"45,37";;"1,51";"348,87";3
2008;9;"2,78";"0,03";"0,16";"0,4";"3,36";"2,12";"37,47";"2,27";"1,37";"22,23";"2,51";"0,85";;"1,44";"35,89";"5,08";"0,05";"0,02";"5,09";"0,06";"1,36";;"7,79";"74,88";;"13,69";"4,08";"11,92";;"47,75";"88,74";"0,01";"0,85";"0,04";"11,85";"4,95";"2,09";"2,07";"0,87";;"8,83";"1,88";"6,02";"0,36";"34,33";"2,95";"0,24";"0,03";;;"2,96";"46,06";;"1,44";"349,21";3
2008;10;"3,55";"0,01";"0,15";"0,47";"4,18";"2,28";"42,06";"2,79";"1,49";"23,83";"2,89";"0,9";;"1,77";"39,43";"5,88";"0,01";"0,04";"5,78";"0,09";"1,2";;"8,45";"83,21";;"15,09";"4,31";"12,47";;"50,98";"94,52";"0";"0,96";"0,04";"11,97";"5,08";"2,14";"2,2";"0,85";;"10,49";"1,93";"4,9";"0,27";"37,57";"3,11";"0,22";"0,01";;;"3,71";"51,09";;"1,77";"376,22";3
2008;11;"3,29";"0,01";"0,15";"0,52";"3,97";"2,57";"41,24";"2,27";"1,65";"21,69";"2,64";"0,86";;"1,36";"35,35";"4,97";"0,02";"0,01";"4,58";"0,07";"1,24";;"7,34";"72,64";;"13,35";"3,97";"10,83";;"47,5";"87,7";"0,01";"0,77";"0,03";"11,15";"5,52";"2,27";"2,3";"1,1";;"9,85";"1,9";"4,88";"0,25";"38,58";"3,22";"0,31";"0,01";;;"3,45";"44,91";;"1,36";"348,83";3
2008;12;"3,23";"0,01";"0,1";"0,45";"3,79";"2,53";"42,68";"2,37";"1,46";"22,57";"2,78";"0,94";;"1,91";"37,27";"4,89";"0,03";"0,03";"4,5";"0,09";"1,17";;"7,37";"75,84";;"14,88";"4,54";"11,77";;"48,8";"91,32";"0,01";"1,31";"0,05";"11,01";"4,38";"1,58";"1,97";"0,97";;"9,55";"1,66";"4,94";"0,38";"35,92";"2,77";"0,33";"0,01";;;"3,34";"46,66";;"1,91";"349,54";3
2009;1;"3,5";"0,01";"0,08";"0,6";"4,2";"2,4";"42,15";"2,42";"1,2";"20,13";"2,49";"0,79";;"1,35";"39,06";"5,27";"0,03";"0,04";"4,56";"0,08";"1,01";;"7,35";"78,4";;"15,22";"4,01";"12,65";;"50,11";"93,35";"0";"0,46";"0,04";"11,14";"5,28";"1,99";"2,37";"1,03";;"10,7";"1,95";"5,1";"0,22";"38,35";"2,96";"0,26";"0,01";;;"3,6";"48,9";;"1,35";"358,29";3
2009;2;"3,53";"0,03";"0,12";"0,48";"4,15";"2,43";"41,89";"2,05";"1,3";"20,51";"2,42";"0,86";;"1,19";"39,88";"5";"0,02";"0,03";"4,19";"0,08";"1,1";;"7,96";"77,77";;"20,58";"4,05";"11,07";;"47,1";"93,54";"0";"0,78";"0,04";"10,44";"5,42";"2,26";"2,27";"1,05";;"10,06";"2,03";"5,04";"0,39";"37,4";"2,63";"0,32";"0";;;"3,68";"49,07";;"1,19";"350,06";3
2009;3;"3,73";"0,03";"0,19";"0,65";"4,61";"2,82";"45,58";"2,8";"1,52";"22,16";"2,95";"0,99";;"1,5";"42,43";"5,88";"0,02";"0,02";"4,96";"0,11";"1,15";;"9,15";"85,43";;"15,72";"4,84";"12,01";;"50,55";"94,73";"0,01";"0,81";"0,01";"12,53";"6,22";"2,23";"3,02";"1,19";;"12,2";"2,05";"7,03";"0,37";"42,64";"3,51";"0,32";"0";;;"3,95";"53,26";;"1,5";"389,81";3
2009;4;"3,44";"0,02";"0,17";"0,65";"4,27";"2,68";"42,51";"2,28";"1,2";"19,48";"2,85";"0,85";;"1,43";"40,38";"4,88";"0,03";"0,04";"4,51";"0,06";"1,21";;"7,29";"78,18";;"13,54";"4,36";"10,61";;"46,37";"86,03";"0,01";"0,75";"0,03";"10,2";"5,43";"1,95";"2,56";"1,03";;"11,73";"2,26";"6,58";"0,37";"37,54";"2,72";"0,25";"0,01";;;"3,63";"49,76";;"1,43";"351,8";3
2009;5;"3,31";"0";"0,09";"0,51";"3,9";"2,44";"41,58";"2,36";"1,23";"22,62";"2,65";"0,86";;"1,49";"41,21";"4,94";"0";"0,08";"5,06";"0,11";"1,21";;"7,21";"79,64";;"14,95";"4,69";"11,15";;"49,99";"91,42";"0,01";"0,71";"0,05";"12,39";"5,56";"1,86";"2,6";"1,27";;"11,53";"2,06";"5,97";"0,29";"37,4";"2,54";"0,18";"0,02";;;"3,39";"51,21";;"1,49";"364,74";3
2009;6;"2,78";"0,04";"0,07";"0,68";"3,56";"2,39";"35,69";"2,13";"1,3";"20,51";"2,59";"0,9";;"1,4";"39,72";"5,08";"0,04";"0,05";"4,85";"0,08";"1,13";;"6,82";"75,11";;"13,11";"4,37";"11,36";;"46,45";"85,66";"0";"0,76";"0,03";"11,97";"5,23";"1,94";"2,38";"1,04";;"10,45";"1,68";"6,97";"0,28";"34,02";"2,85";"0,2";"0,02";;;"2,89";"49,64";;"1,4";"344,34";3
2009;7;"2,51";"0,02";"0,11";"0,55";"3,19";"2,04";"35,85";"2,11";"1,04";"21,75";"2,82";"0,82";;"1,3";"38,34";"4,66";"0,03";"0,02";"4,79";"0,07";"1,18";;"6,8";"73,35";;"13,76";"4,79";"11,41";;"47,84";"88,28";"0,01";"0,6";"0,08";"13,05";"5,52";"1,99";"2,54";"1,08";;"10,4";"1,77";"7,44";"0,3";"33,84";"2,85";"0,27";"0,03";;;"2,64";"47,79";;"1,3";"349,01";3
2009;8;"2,73";"0,02";"0,08";"0,47";"3,3";"2,51";"38,74";"2,03";"1,28";"21,49";"2,49";"0,73";;"1,44";"35,11";"4,71";"0,03";"0,01";"4,18";"0,08";"0,97";;"7";"68,93";;"14,36";"4,39";"11,07";;"46,42";"86,98";"0";"0,61";"0,06";"12,31";"6,22";"2,09";"3,18";"1,16";;"12,21";"2,07";"7,82";"0,35";"34,41";"2,48";"0,26";"0,02";;;"2,82";"43,99";;"1,44";"344,48";3
2009;9;"2,73";"0,02";"0,11";"0,52";"3,38";"2,3";"42,15";"2,08";"1,28";"22,31";"2,68";"0,93";;"1,37";"33,8";"4,17";"0,02";"0,02";"4,34";"0,09";"0,95";;"5,7";"64,96";;"14,15";"4,71";"12,08";;"47,38";"88,54";"0,01";"0,63";"0,04";"12,11";"6,64";"2,23";"3,28";"1,31";;"11,53";"2,33";"7,07";"0,3";"37,6";"2,79";"0,23";"0,03";;;"2,87";"42,3";;"1,37";"346,66";3
2009;10;"2,64";"0,01";"0,13";"0,59";"3,37";"1,99";"40,69";"2,29";"1,1";"22,6";"2,5";"0,92";;"1,18";"33,09";"4,26";"0,02";"0,03";"4,42";"0,08";"0,94";;"5,82";"64,35";;"15,38";"4,37";"11,11";;"45,13";"86,58";"0";"0,54";"0,04";"11,43";"6,34";"2,26";"3,04";"1,22";;"11,38";"2,41";"5,58";"0,24";"37,51";"2,69";"0,25";"0,03";;;"2,78";"41,78";;"1,18";"337,62";3
2009;11;"2,76";"0,03";"0,08";"0,48";"3,35";"2,18";"49,51";"1,45";"1,38";"23,44";"2,41";"0,91";;"1,41";"33,63";"3,94";"0,02";"0,01";"4,01";"0,05";"1,16";;"5,86";"64,05";;"15,32";"4,65";"12,1";;"46,47";"88,47";"0,01";"0,6";"0,04";"11,04";"5,81";"1,94";"2,86";"1,08";;"10,74";"2,05";"5,57";"0,37";"42,14";"2,87";"0,28";"0,03";;;"2,87";"41,57";;"1,41";"352,89";3
2009;12;"3";"0,06";"0,16";"0,47";"3,68";"2,1";"44,94";"2,07";"1,18";"23,75";"2,42";"0,94";;"1,69";"33,04";"3,73";"0,01";"0,01";"3,91";"0,06";"0,96";;"6,53";"64,83";;"16,75";"4,79";"11,31";;"49,73";"93,43";"0,01";"0,48";"0,04";"10,68";"5,84";"1,94";"3,05";"0,98";;"10,85";"1,99";"5,01";"0,18";"37,83";"3,44";"0,31";"0";;;"3,22";"40,68";;"1,69";"347,2";3
2010;1;"2,81";"0,04";"0,12";"0,48";"3,45";"2,37";"48,54";"2,17";"1,01";"22,09";"2,35";"0,77";;"1,47";"33,29";"3,57";"0,01";"0,03";"3,91";"0,06";"0,87";;"6,52";"65,09";;"16,47";"4,43";"11,12";;"50,81";"93,42";"0,01";"0,56";"0,03";"10,8";"5,61";"1,89";"2,93";"0,9";;"11,09";"2,42";"4,37";"0,27";"43,21";"3,03";"0,43";"0,01";;;"2,97";"40,78";;"1,47";"355,64";3
2010;2;"2,97";"0,02";"0,04";"0,39";"3,42";"2,07";"45,26";"2,46";"1,24";"20,53";"2,19";"0,73";;"1,39";"33,7";"3,66";"0,01";"0,01";"3,43";"0,04";"0,77";;"6,3";"63,16";;"25,74";"4,46";"12,48";;"49,64";"102,8";"0";"0,41";"0,04";"10,23";"5,44";"1,8";"2,91";"0,85";;"10,46";"2,05";"4,73";"0,13";"40,25";"2,97";"0,42";"0,01";;;"3,03";"40,79";;"1,39";"353,86";3
2010;3;"3,09";"0,03";"0,11";"0,51";"3,73";"2,46";"42,5";"2,14";"1,17";"22,99";"2,77";"0,93";;"1,44";"37,91";"4,99";"0,01";"0,02";"4,35";"0,09";"0,91";;"6,91";"73,14";;"17,23";"5,47";"12,27";;"51,87";"97,6";"0,01";"1,06";"0,08";"14,12";"5,86";"1,94";"3,18";"0,88";;"11,69";"2,49";"6,02";"0,28";"41,56";"2,81";"0,36";"0,02";;;"3,22";"47,25";;"1,44";"376,22";3
2010;4;"2,71";"0,01";"0,07";"0,64";"3,43";"2,18";"38,81";"2,11";"1,36";"20,14";"2,64";"0,71";;"1,14";"35,02";"4,49";"0,01";"0,01";"3,6";"0,04";"0,81";;"6,21";"65,87";;"14,2";"4,95";"11,09";;"46,31";"86,56";"0";"0,88";"0,04";"11,38";"5,47";"1,72";"2,99";"0,83";;"11,31";"2,48";"4,56";"0,19";"37,97";"2,74";"0,28";"0,01";;;"2,79";"43,11";;"1,14";"336,69";3
2010;5;"2,26";"0,04";"0,07";"0,68";"3,06";"2,16";"39,29";"2,16";"1,3";"23,03";"2,76";"0,83";;"1,35";"36,04";"4,33";"0,01";"0,02";"4,08";"0,05";"0,92";;"6,04";"66,76";;"16,54";"5,44";"12,17";;"50,48";"95,11";"0";"0,76";"0,03";"13,89";"6,51";"2,2";"3,49";"0,95";;"12,73";"2,56";"7,5";"0,26";"36,94";"2,53";"0,28";"0,01";;;"2,38";"44,45";;"1,35";"363,98";3
2010;6;"2,17";"0,04";"0,08";"0,46";"2,76";"1,74";"38,54";"2,17";"1,16";"21,69";"2,27";"0,76";;"1,33";"31,84";"4,19";"0,01";"0,01";"3,84";"0,08";"0,78";;"5,61";"61,36";;"15,72";"5,11";"11,56";;"47,03";"89,35";"0";"0,67";"0,07";"12,73";"6,3";"2,22";"3,24";"0,96";;"10,49";"2,17";"6,67";"0,19";"35,75";"2,52";"0,29";"0,01";;;"2,29";"39,87";;"1,33";"337,89";3
2010;7;"2,03";"0,02";"0,08";"0,36";"2,48";"1,8";"37,86";"2,52";"1,29";"22,76";"2,33";"0,64";;"1,31";"32,19";"4,91";"0,01";"0,03";"3,69";"0,06";"0,88";;"5,38";"61,84";;"15,12";"4,47";"11,58";;"47,65";"88,57";"0";"0,62";"0,04";"13,12";"6,53";"2,48";"3,36";"0,77";;"10,75";"2,27";"7,15";"0,21";"38,46";"2,75";"0,18";"0,01";;;"2,12";"40,78";;"1,31";"348,44";3
2010;8;"2,15";"0,05";"0,08";"0,19";"2,46";"2,08";"40,1";"2,51";"1,11";"24,32";"2,26";"0,75";;"1,15";"32,31";"4,35";"0,01";"0,01";"3,4";"0,06";"1,01";;"5,2";"60,25";;"14,91";"5,46";"11,73";;"47,6";"89,88";"0,01";"0,74";"0,09";"13,1";"6,7";"2,89";"3,21";"0,79";;"11,98";"2,35";"8,35";"0,27";"40,39";"2,73";"0,21";"0,01";;;"2,28";"40,05";;"1,15";"353,95";3
2010;9;"2,25";"0,01";"0,13";"0,21";"2,6";"1,94";"41,14";"2,51";"1,32";"22,95";"2,57";"0,84";;"1,32";"32,49";"4,19";"0,03";"0,03";"3,69";"0,02";"0,94";;"5,29";"60,72";;"15,31";"5,34";"11,3";;"45,86";"86,6";"0,01";"0,71";"0,03";"12,71";"6,75";"2,79";"3,44";"0,71";;"10,83";"2,49";"6,27";"0,28";"39,81";"2,95";"0,22";"0,02";;;"2,39";"40,37";;"1,32";"343,46";3
2010;10;"2,53";"0,04";"0,1";"0,44";"3,12";"2,55";"44,42";"2,24";"1,37";"23,92";"2,67";"0,77";;"1,06";"32,87";"4,78";"0,01";"0,02";"3,79";"0,02";"0,96";;"5,77";"62,62";;"14,86";"5,37";"10,74";;"47,31";"87,93";"0";"0,76";"0,03";"12,15";"7,62";"3,15";"3,78";"0,84";;"12,01";"2,65";"6,47";"0,3";"40,72";"3,08";"0,21";"0,02";;;"2,68";"41,44";;"1,06";"351,8";3
2010;11;"2,27";"0,01";"0,04";"0,64";"2,96";"2,29";"41,2";"2,76";"1,14";"20,52";"2,11";"0,67";;"1,66";"30,71";"4,03";"0,01";"0,02";"3,23";"0,04";"0,86";;"5";"57,14";;"14,55";"5,42";"10,68";;"45,13";"84";"0,01";"0,84";"0,04";"13,41";"8,67";"3,17";"4,5";"1,17";;"12,43";"2,81";"6,59";"0,34";"40,22";"2,88";"0,25";"0,02";;;"2,32";"37,97";;"1,66";"339,55";3
2010;12;"2,6";"0,01";"0,07";"0,34";"3,02";"2,32";"49,96";"2,97";"1,56";"23,3";"2,31";"0,77";;"1,79";"28,31";"3,86";"0,02";"0,01";"2,76";"0,07";"1,07";;"5,2";"55,39";;"18,64";"5,68";"11,94";;"47,71";"92,58";"0";"0,8";"0,02";"12,95";"7,07";"2,9";"3,4";"0,92";;"11,87";"2,12";"6,27";"0,3";"42,82";"3,28";"0,28";"0,02";;;"2,68";"34,93";;"1,79";"358,9";3
2011;1;"2,65";"0,03";"0,06";"0,38";"3,11";"2,57";"51,49";"2,46";"1,11";"24,42";"2,55";"0,57";;"1,44";"29,7";"3,83";"0,02";"0,01";"3,14";"0,02";"0,86";;"5,38";"57,29";;"17,57";"4,75";"12,68";;"49,6";"93,46";"0,01";"0,89";"0,09";"12,61";"6,65";"2,66";"3,28";"0,85";;"11,57";"2,55";"5,4";"0,26";"46,08";"3,04";"0,32";"0,01";;;"2,73";"36,68";;"1,44";"360,11";3
2011;2;"2,29";"0,01";"0,04";"0,24";"2,59";"2,36";"48,78";"2,59";"1,16";"23,18";"2,82";"0,5";;"1,46";"29,49";"3,66";"0,02";"0,01";"3,21";"0,05";"1,15";;"5,19";"56,82";;"19,46";"5,29";"12,57";;"49,45";"94,41";"0";"0,9";"0,03";"13,19";"6,8";"2,67";"3,24";"1,03";;"11,65";"2,52";"5,3";"0,25";"44,6";"2,8";"0,29";"0,01";;;"2,34";"36,36";;"1,46";"359,7";3
2011;3;"2,37";"0,04";"0,06";"0,42";"2,88";"2,45";"44,38";"2,7";"1,51";"23,09";"2,49";"0,8";;"1,4";"32,4";"3,86";"0,03";"0";"3,2";"0,04";"1,01";;"5,54";"60,37";;"28,72";"5,34";"13,76";;"51,25";"107,48";"0";"0,92";"0,04";"14,08";"7,97";"3,22";"4";"0,95";;"15,12";"3,11";"7,44";"0,39";"43,94";"3,24";"0,23";"0,02";;;"2,46";"39,46";;"1,4";"388,68";3
2011;4;"2,5";"0,04";"0,04";"0,42";"3";"2,4";"44,07";"2,41";"1,15";"23,18";"2,57";"0,65";;"1,48";"29,09";"3,71";"0,01";"0,01";"3,07";"0,08";"1,1";;"5,64";"56,68";;"16,01";"5,29";"12";;"50,48";"91,8";"0,01";"0,89";"0,12";"13,15";"8,5";"3,48";"4,3";"0,97";;"15,1";"3,43";"7,08";"0,43";"45,39";"2,91";"0,37";"0,01";;;"2,58";"35,88";;"1,48";"364,3";3
2011;5;"2,28";"0,02";"0,06";"0,46";"2,82";"2,19";"39,83";"2,59";"1,36";"23,54";"2,53";"0,55";;"1,69";"28,77";"3,47";"0,03";"0";"3,08";"0,05";"1,07";;"5,03";"55,33";;"16,68";"5,82";"12,74";;"50,82";"94,49";"0";"1,38";"0,09";"16,35";"8,74";"3,23";"4,62";"1,15";;"14,7";"3,45";"7,29";"0,47";"42,53";"2,8";"0,29";"0,04";;;"2,36";"35,32";;"1,69";"368,13";3
2011;6;"1,9";"0,01";"0,11";"0,38";"2,41";"1,69";"39,63";"2,45";"1,12";"24,65";"2,3";"0,6";;"1,53";"27,46";"3,11";"0,01";"0,01";"2,76";"0,04";"1,16";;"4,84";"52,75";;"16,34";"5,49";"11,44";;"46,69";"87,67";"0";"1,15";"0,07";"15,27";"7,72";"3,1";"3,74";"1,07";;"12,28";"2,77";"8";"0,58";"39,98";"3,09";"0,26";"0,01";;;"2,03";"33,33";;"1,53";"348,47";3
2011;7;"2,05";"0,01";"0,04";"0,23";"2,33";"2,02";"41,47";"2,27";"1,36";"24,79";"2,44";"0,56";;"1,37";"28,31";"3,31";"0,02";"0";"2,99";"0,08";"1,09";;"5,1";"55,24";;"16,06";"5,57";"10,71";;"45,55";"85,73";"0,01";"1,19";"0,05";"15,69";"8,01";"3,09";"4,03";"1,01";;"13,1";"2,74";"8,41";"0,36";"38,51";"2,72";"0,25";"0,04";;;"2,1";"34,61";;"1,37";"348,78";3
2011;8;"2,3";"0,01";"0,07";"0,11";"2,49";"2,18";"43,83";"2,62";"1,4";"26,6";"2,2";"0,51";;"1,57";"29,31";"3,33";"0,03";"0,01";"2,84";"0,07";"1,18";;"5,3";"56,53";;"16,38";"5,71";"11,1";;"47,88";"88,83";"0";"1,2";"0,08";"17,29";"8,01";"3,38";"3,9";"0,95";;"13,25";"2,87";"11,4";"0,45";"43,45";"2,88";"0,24";"0,04";;;"2,38";"35,48";;"1,57";"370,37";3
2011;9;"2";"0,02";"0,05";"0,14";"2,22";"2,06";"40,2";"2,78";"1,45";"24,39";"2,13";"0,56";;"1,5";"28,06";"3,38";"0,02";"0,02";"2,52";"0,09";"0,99";;"5,7";"55,07";;"16,3";"5,91";"10,06";;"47,69";"87,87";"0,01";"0,97";"0,11";"16,18";"7,98";"3,03";"3,96";"1,17";;"12,7";"3,01";"9,39";"0,37";"39,92";"2,57";"0,22";"0,01";;;"2,08";"33,97";;"1,5";"350,8";3
2011;10;"1,97";"0,01";"0,07";"0,12";"2,17";"2,14";"43,59";"2,5";"1,32";"23,96";"2,44";"0,71";;"1,59";"25,63";"3,17";"0,01";"0,01";"2,46";"0,04";"0,89";;"5,44";"52,87";;"14,82";"5,71";"9,93";;"46,31";"85,52";"0,01";"0,84";"0,06";"15,31";"7,36";"3,12";"3,37";"1,03";;"12,62";"2,71";"8,7";"0,33";"40,38";"2,65";"0,22";"0,02";;;"2,05";"31,25";;"1,59";"350,61";3
2011;11;"2,1";"0,01";"0,06";"0,2";"2,38";"2,04";"40,39";"2,35";"1,27";"21,99";"2,2";"0,57";;"1,86";"25,23";"2,71";"0";"0,01";"2,3";"0,03";"0,98";;"5,37";"51,13";;"14,75";"5,14";"9,86";;"46,48";"84,05";"0,02";"0,95";"0,05";"16,08";"8,41";"3,32";"4,17";"1,06";;"13,53";"3,34";"9,42";"0,29";"38,38";"2,63";"0,24";"0,04";;;"2,17";"30,24";;"1,86";"340,77";3
2011;12;"2,13";"0,02";"0,08";"0,12";"2,36";"2,22";"47,86";"2,5";"1,36";"26,1";"2,2";"0,67";;"2,17";"25,76";"2,59";"0,02";"0,01";"1,87";"0,02";"0,92";;"5,57";"51,79";;"18,3";"4,98";"9,44";;"50,25";"90,57";"0";"0,71";"0,08";"16,19";"8,58";"3,79";"3,95";"1,06";;"14,05";"3,3";"9,17";"0,41";"41,03";"2,72";"0,3";"0,02";;;"2,23";"30,22";;"2,17";"368,62";3
2012;1;"2,03";"0,01";"0,07";"0,23";"2,36";"2,55";"46,31";"3,04";"1,25";"23,08";"2,37";"0,64";;"1,85";"25,32";"2,58";"0,02";"0,01";"2,24";"0,02";"0,95";;"6,01";"52,1";;"19,85";"5,3";"9,94";;"50,25";"93,9";"0";"1,03";"0,08";"15,83";"8,53";"3,62";"3,99";"1,09";;"13,84";"3,07";"8,05";"0,4";"42,21";"3,17";"0,27";"0,01";;;"2,12";"30,13";;"1,85";"362,09";3
2012;2;"2,44";"0,01";"0,09";"0,22";"2,76";"3,32";"48,5";"2,96";"1,08";"23";"2,82";"0,67";;"1,78";"28,01";"2,83";"0,02";"0,01";"2,34";"0,04";"0,9";;"5,93";"57,6";;"33,17";"5,37";"11,62";;"51,78";"110,39";"0,01";"0,76";"0,11";"14,39";"7,24";"3,13";"3,37";"0,85";;"13,22";"2,95";"7,66";"0,35";"42,08";"2,99";"0,34";"0,01";;;"2,54";"33,18";;"1,78";"378,71";3
2012;3;"2,43";"0,01";"0,1";"0,23";"2,79";"2,28";"46,57";"3,38";"1,04";"25,27";"2,96";"0,91";;"2,15";"27";"2,96";"0";"0,01";"2,51";"0,04";"1,08";;"6,16";"58,29";;"17,43";"5,74";"10,3";;"52,53";"94,84";"0,01";"0,93";"0,03";"17,64";"9,57";"3,94";"4,55";"1,28";;"14,26";"3,48";"9,99";"0,48";"45,39";"2,99";"0,33";"0,02";;;"2,55";"32,47";;"2,15";"384,06";3
2012;4;"2,11";"0,01";"0,04";"0,28";"2,44";"2,39";"45,43";"2,81";"1,18";"23,26";"2,72";"0,75";;"1,84";"26,45";"2,59";"0,01";"0,01";"2,3";"0,07";"0,89";;"5,67";"56,04";;"15,49";"5,35";"9,56";;"49,56";"88,67";"0,01";"0,82";"0,05";"14,48";"10,04";"4,52";"4,57";"1,14";;"14,79";"3,51";"8,38";"0,28";"42,25";"2,85";"0,28";"0";;;"2,17";"31,34";;"1,84";"359,61";3
2012;5;"2,13";"0,01";"0,06";"0,25";"2,45";"2,31";"42,66";"2,92";"1,25";"23,96";"2,81";"0,91";;"2,11";"28,84";"3,05";"0,01";"0,01";"2,53";"0,07";"0,96";;"5,74";"59,67";;"16,16";"6,39";"10,63";;"54,24";"95,89";"0,01";"1,26";"0,1";"17,33";"10,63";"4,35";"5,19";"1,33";;"15,43";"3,81";"8,62";"0,29";"42,07";"2,84";"0,28";"0,04";;;"2,2";"34,43";;"2,11";"383,31";3
2012;6;"1,96";"0,02";"0,06";"0,12";"2,16";"2,2";"42,69";"2,99";"1,29";"22,89";"2,75";"0,63";;"1,77";"24,95";"2,61";"0,01";"0,03";"2,19";"0,03";"0,74";;"5,41";"51,86";;"14,66";"5,2";"9,01";;"48,53";"85,2";"0";"1,5";"0,05";"15,28";"10,7";"4,64";"5,07";"1,23";;"14,89";"3,82";"8,32";"0,2";"40,53";"3,05";"0,21";"0,03";;;"2,04";"29,75";;"1,77";"353,57";3
2012;7;"1,84";"0,03";"0,09";"0,3";"2,26";"2,03";"45,26";"3,33";"1,4";"25,65";"2,96";"0,6";;"1,63";"25,65";"2,32";"0,01";"0,01";"2,51";"0,05";"0,87";;"5,11";"52,13";;"15,25";"5,27";"9,61";;"51,93";"90,27";"0,01";"1,21";"0,09";"19,99";"10,34";"4,09";"5,02";"1,45";;"14,24";"3,63";"8,94";"0,26";"42,51";"3,23";"0,23";"0,01";;;"1,96";"30,48";;"1,63";"377,71";3
2012;8;"1,81";"0,01";"0,07";"0,27";"2,15";"2,15";"45,12";"3,17";"1,35";"25,99";"2,6";"0,62";;"2,02";"24,88";"2,12";"0,01";"0,02";"2,28";"0,04";"1,03";;"5,66";"52,06";;"15,71";"5,47";"10,14";;"51,3";"90,67";"0,01";"0,86";"0,04";"20";"10,12";"4,09";"5,01";"1,27";;"14,54";"3,86";"9,33";"0,33";"43,25";"3,18";"0,31";"0,01";;;"1,88";"29,29";;"2,02";"375,09";3
2012;9;"2,04";"0";"0,08";"0,09";"2,21";"2,01";"44,38";"3,32";"1,11";"25,17";"2,58";"0,64";;"1,52";"21,86";"2,14";"0,01";"0,03";"2,07";"0,07";"0,79";;"5,12";"47,62";;"13,74";"4,84";"8,85";;"46,57";"81,9";"0,02";"0,66";"0,04";"16,19";"8,84";"3,89";"4,12";"1,04";;"12,86";"3,24";"8,32";"0,31";"42,07";"3,19";"0,3";"0,03";;;"2,12";"26,07";;"1,52";"346,9";3
2012;10;"1,93";"0";"0,11";"0,19";"2,23";"2,31";"47,9";"3,45";"1,38";"26,41";"2,58";"0,55";;"1,94";"24,77";"2,15";"0,01";"0,01";"2,15";"0,06";"0,96";;"5,09";"51,09";;"15,41";"5,55";"9,83";;"51,25";"90,53";"0";"0,83";"0,05";"19,56";"9,5";"3,91";"4,53";"1,32";;"13,94";"4,17";"7,65";"0,28";"45,28";"3,39";"0,29";"0,01";;;"2,04";"29,07";;"1,94";"381,41";3
2012;11;"2";"0,01";"0,05";"0,23";"2,29";"2,11";"42,39";"3,01";"1,27";"23";"2,45";"0,59";;"1,77";"23,95";"2,22";"0,01";"0,01";"1,92";"0,02";"0,93";;"5,49";"49,97";;"14,46";"4,69";"8,68";;"49,92";"86,11";"0";"0,78";"0,06";"18,62";"10,31";"4,18";"5,03";"1,28";;"14,17";"4,55";"7,69";"0,34";"39,13";"2,84";"0,16";"0,01";;;"2,06";"28,09";;"1,77";"347,25";3
2012;12;"2,42";"0,02";"0,05";"0,16";"2,65";"2,53";"54,06";"3,05";"1,47";"25,32";"2,52";"0,64";;"2,15";"23,75";"2,25";"0,01";"0,03";"1,85";"0,05";"0,89";;"5,37";"51,11";;"17,44";"5,16";"9,02";;"53,13";"93,11";"0";"0,68";"0,04";"17,48";"9,34";"3,9";"4,5";"1,16";;"14,46";"4,22";"7,13";"0,28";"46,14";"3,09";"0,31";"0,01";;;"2,49";"27,85";;"2,15";"379,14";3
2013;1;"2,44";"0,01";"0,07";"0,18";"2,69";"2,35";"41,72";"3,15";"1,07";"20,83";"3";"0,77";;"2,06";"26,7";"2,48";"0";"0,02";"2,13";"0,05";"0,95";;"4,96";"55,07";;"21,42";"4,73";"9,35";;"54,67";"98,84";"0,01";"1,02";"0,06";"20,42";"10,74";"4,34";"5,29";"1,34";;"15,31";"4,83";"7,12";"0,36";"43,1";"3,4";"0,28";"0,01";;;"2,52";"31,32";;"2,06";"377,23";3
2013;2;"2,38";"0,02";"0,04";"0,18";"2,62";"2,8";"51,32";"3,14";"1,05";"21,22";"2,77";"0,72";;"1,58";"28,68";"2,58";"0,01";"0,04";"2,28";"0,06";"0,83";;"5,01";"56,27";;"29,08";"4,94";"10,59";;"54,95";"107,62";"0,01";"0,85";"0,06";"17,04";"11,44";"4,54";"5,49";"1,66";;"17,5";"5,27";"7,17";"0,31";"43,96";"3,06";"0,27";"0,02";;;"2,45";"33,54";;"1,58";"393,45";3
2013;3;"2,52";"0,01";"0,07";"0,23";"2,82";"2,93";"48,67";"3,11";"1";"23,86";"3,27";"0,85";;"1,61";"29,36";"2,83";"0";"0,01";"2,24";"0,09";"0,79";;"6,06";"60,92";;"14,21";"5,35";"8,81";;"53,28";"90,89";"0";"0,93";"0,08";"18,75";"13,18";"5,32";"6,41";"1,68";;"19,41";"6,08";"8,76";"0,46";"46,4";"3,43";"0,39";"0,02";;;"2,59";"34,43";;"1,61";"396,11";3
2013;4;"2,55";"0,05";"0,06";"0,23";"2,89";"2,15";"44,75";"3,34";"0,89";"23,11";"3,21";"0,8";;"1,78";"30,2";"2,54";"0,02";"0,07";"2,45";"0,04";"1,2";;"5,99";"61,67";;"14,73";"5,67";"8,31";;"51,86";"89,22";"0";"0,86";"0,01";"20,3";"12,83";"5,1";"6,49";"1,53";;"19,05";"6,12";"8,95";"0,38";"42,1";"3,53";"0,23";"0,01";;;"2,66";"35,19";;"1,78";"389,72";3
2013;5;"2,63";"0,01";"0,05";"0,25";"2,94";"2,42";"44,66";"2,95";"1,07";"22,02";"4,04";"0,8";;"1,88";"31,77";"3,36";"0,01";"0,01";"2,86";"0,1";"1,21";;"6,29";"65,43";;"15,15";"5,65";"8,66";;"51,36";"89,55";"0";"0,76";"0,01";"19,68";"12,49";"4,97";"6,31";"1,5";;"18,87";"5,43";"9,55";"0,42";"42,58";"3,05";"0,29";"0,02";;;"2,69";"38";;"1,88";"397,23";3
2013;6;"2,21";"0,02";"0,1";"0,16";"2,49";"2,31";"44,91";"2,95";"1,19";"24,38";"3,92";"0,67";;"1,4";"28,85";"3,02";"0,02";"0,02";"3,04";"0,09";"1,09";;"5,8";"61,62";;"15,9";"5,32";"8,69";;"49,73";"88,39";"0";"0,98";"0,07";"18,55";"11,1";"4,33";"5,81";"1,17";;"19,6";"5,54";"9,21";"0,27";"41,63";"3,14";"0,21";"0,03";;;"2,34";"34,91";;"1,4";"384,57";3
2013;7;"1,84";"0,01";"0,07";"0,22";"2,14";"1,94";"40,93";"2,93";"1,08";"24,08";"3,82";"0,86";;"1,56";"30,33";"3,2";"0,02";"0,02";"2,87";"0,07";"0,98";;"6,04";"63,46";;"19,89";"5,79";"9,44";;"53,99";"98,27";"0";"1,06";"0,08";"19,02";"10,96";"4,05";"5,91";"1,26";;"17,47";"5,96";"10,57";"0,29";"38,53";"2,25";"0,22";"0,03";;;"1,92";"36,39";;"1,56";"396,97";3
2013;8;"2,49";"0,02";"0,1";"0,16";"2,77";"2,1";"40,95";"2,79";"1,33";"26,28";"3,72";"0,78";;"1,77";"32,56";"3,83";"0,01";"0,02";"3,27";"0,05";"0,97";;"6,37";"68,77";;"16,2";"5,7";"8,82";;"49,45";"89,64";"0";"1,05";"0,11";"19,79";"11,74";"4,6";"6,01";"1,34";;"17,41";"5,29";"9,9";"0,35";"40,66";"2,47";"0,18";"0,02";;;"2,61";"39,66";;"1,77";"397,19";3
2013;9;"2,31";"0,02";"0,1";"0,25";"2,68";"2,74";"43,64";"3,11";"1,5";"26,32";"3,59";"0,64";;"1,72";"31,11";"3,86";"0,01";"0,04";"3,49";"0,09";"0,95";;"5,8";"65,85";;"17,61";"5,41";"11,68";;"52,26";"96,58";"0";"1,03";"0,08";"17,44";"12,04";"4,89";"5,9";"1,46";;"17,96";"6,42";"8,82";"0,44";"41,91";"2,59";"0,21";"0,02";;;"2,43";"38,46";;"1,72";"401,79";3
2013;10;"2,3";"0,02";"0,07";"0,23";"2,62";"2,69";"45,8";"3,17";"1,12";"25,27";"3,33";"0,73";;"1,8";"33,74";"3,53";"0,01";"0,02";"3,23";"0,05";"1,03";;"6,72";"70,29";;"16,22";"5,7";"9,13";;"53,18";"93,92";"0";"1,02";"0,03";"19,15";"13,06";"5,72";"6,09";"1,6";;"18,91";"6,66";"10,21";"0,32";"43,42";"3,03";"0,25";"0,03";;;"2,39";"40,5";;"1,8";"415,01";3
2013;11;"2,52";"0,01";"0,08";"0,19";"2,8";"2,56";"44,38";"2,85";"1,15";"25,1";"3,71";"0,77";;"1,88";"32,65";"3,3";"0,01";"0,02";"2,88";"0,07";"0,87";;"6,71";"69,02";;"15,33";"5,12";"8,37";;"48,3";"85,9";"0,01";"0,93";"0,09";"16,13";"11,2";"4,63";"5,51";"1,35";;"17,3";"5,91";"10,13";"0,22";"41,89";"2,7";"0,27";"0,02";;;"2,62";"38,84";;"1,88";"389";3
2013;12;"2,81";"0,03";"0,1";"0,26";"3,21";"3,24";"50,02";"2,49";"1,19";"25,5";"4,03";"0,71";;"2,56";"34,54";"3,19";"0,01";"0,01";"2,66";"0,07";"0,74";;"6,75";"72,9";;"16,38";"5,5";"7,86";;"49,91";"88,78";"0";"0,92";"0,04";"16,32";"11,22";"4,43";"5,69";"1,32";;"16,84";"5,93";"6,89";"0,23";"45,42";"2,94";"0,25";"0,04";;;"2,94";"40,38";;"2,56";"399,87";3
2014;1;"2,83";"0,02";"0,09";"0,3";"3,24";"3,39";"55,13";"3,38";"1,18";"24,76";"4,72";"0,77";;"2,98";"40,36";"4,03";"0,04";"0,02";"2,88";"0,05";"0,74";"0";"7,77";"83,89";;"19,91";"5,71";"9,37";"0";"60,19";"105,16";"0";"1,08";"0,19";"18,38";"14,35";"7,07";"6,16";"1,33";;"18,85";"6,65";"9,1";"0,29";"55,03";"3,83";"0,4";"0,02";;;"2,94";"47,27";;"2,98";"459,35";3
2014;2;"2,93";"0,03";"0,1";"0,34";"3,4";"3,31";"49,28";"3,38";"1,01";"23,06";"4,43";"0,85";;"2,55";"39,91";"3,78";"0,02";"0,03";"2,81";"0,09";"0,75";"0";"7,11";"80,75";;"19,94";"5,72";"8,21";"0";"53,64";"96,55";"0";"0,94";"0,11";"17,49";"12,95";"5,5";"6,22";"1,42";;"18,85";"6,78";"7,85";"0,35";"49,01";"3,17";"0,38";"0,02";;;"3,06";"46,5";;"2,55";"422,79";3
2014;3;"3,1";"0,03";"0,06";"0,28";"3,48";"3,31";"50,86";"2,92";"1,3";"23,97";"4,7";"0,76";;"2,44";"42,69";"3,89";"0,01";"0,02";"3,38";"0,1";"0,57";"0";"6,94";"83,45";;"27,78";"5,93";"9,6";"0";"56,28";"109,57";"0,01";"1,07";"0,1";"16,71";"12,45";"5,3";"6,1";"1,39";;"19,2";"6,55";"9,33";"0,37";"49,63";"3,43";"0,36";"0,01";;;"3,2";"49,96";;"2,44";"443,77";3
2014;4;"2,73";"0,01";"0,1";"0,23";"3,07";"3,4";"45,53";"2,85";"1,18";"22,13";"4,61";"0,73";;"2,26";"41,23";"4";"0,02";"0,03";"3,37";"0,05";"0,86";"0";"7,54";"83,39";;"15,89";"5,71";"6,84";"0";"50,06";"87,61";"0";"0,78";"0,09";"16,42";"13,15";"5,38";"6,55";"1,52";;"18,89";"6,09";"10,34";"0,44";"45,26";"3,24";"0,25";"0,02";;;"2,84";"48,59";;"2,26";"409,76";3
2014;5;"2,7";"0,02";"0,05";"0,32";"3,09";"3,07";"38";"2,69";"0,98";"23,96";"4,43";"0,85";;"3,16";"42,76";"3,47";"0,01";"0,02";"3,48";"0,05";"0,67";"0";"7,1";"84,7";;"15,66";"5,33";"7,01";"0";"49,35";"86,53";"0";"0,99";"0,1";"17,41";"12,68";"5,47";"5,93";"1,53";;"17,54";"4,97";"11,73";"0,41";"40,67";"2,74";"0,19";"0,02";;;"2,77";"49,72";;"3,16";"402,37";3
2014;6;"2,29";"0,01";"0,11";"0,27";"2,68";"3,06";"43,93";"2,61";"1,12";"23,28";"3,94";"0,63";;"2,35";"40,82";"3,43";"0";"0,01";"3,74";"0,04";"0,53";"0";"6,36";"77,87";;"17,94";"4,75";"7,28";"0";"53,11";"91,53";"0";"0,81";"0,08";"16,97";"12,4";"5,61";"5,54";"1,43";;"16,43";"4,47";"9,18";"0,36";"41,59";"2,72";"0,15";"0,02";;;"2,41";"47,99";;"2,35";"397,46";3
2014;7;"2,25";"0,02";"0,09";"0,35";"2,7";"2,67";"36,87";"2,69";"0,95";"21,71";"3,95";"0,58";;"2,69";"43,71";"3,6";"0,01";"0,01";"3,93";"0,09";"0,83";"0";"6,74";"81,18";;"19,73";"6,21";"7,82";"0";"56,73";"99,34";"0";"0,76";"0,04";"19,11";"13,49";"5,87";"6,15";"1,74";;"16,65";"4,85";"12,81";"0,5";"38,73";"2,61";"0,23";"0,01";;;"2,36";"51,24";;"2,69";"410,75";3
2014;8;"2,26";"0,02";"0,05";"0,27";"2,62";"2,54";"37,95";"2,73";"1,12";"24,07";"3,32";"0,63";;"2,72";"40,77";"3,07";"0,02";"0,01";"4,54";"0,03";"0,67";"0";"5,56";"75,98";;"14,35";"5,89";"7,19";"0";"46,57";"83,07";"0";"0,84";"0,04";"17,43";"14,79";"6,76";"6,54";"1,75";;"17,28";"5,54";"10,16";"0,32";"40,13";"2,99";"0,23";"0,02";;;"2,34";"48,38";;"2,72";"395,28";3
2014;9;"2,09";"0,02";"0,04";"0,3";"2,46";"3,2";"41,78";"2,93";"0,93";"24,96";"3,11";"0,46";;"2,92";"39,32";"3,24";"0,01";"0,04";"4,61";"0,01";"0,69";"0";"5,37";"73,54";;"15,57";"5,74";"7,9";"0";"47,51";"84,86";"0";"0,92";"0,05";"18,21";"15,05";"6,88";"6,81";"1,7";;"17,37";"5,72";"14,04";"0,47";"43,24";"3,1";"0,33";"0,01";;;"2,16";"47,16";;"2,92";"409,75";3
2014;10;"2,28";"0,02";"0,07";"0,27";"2,63";"3,29";"43,97";"2,88";"0,99";"24,35";"3,03";"0,5";;"3,31";"40,9";"3,94";"0,02";"0,02";"4,81";"0,04";"0,73";"0";"6,64";"77,82";;"15,81";"6,01";"7,95";"0";"49,74";"88,18";"0";"1,12";"0,05";"20,01";"14,22";"6,41";"6,78";"1,3";;"17,59";"6,25";"10,02";"0,37";"43,83";"3,18";"0,25";"0,02";;;"2,36";"49,64";;"3,31";"415,81";3
2014;11;"2,09";"0,01";"0,07";"0,38";"2,55";"3,53";"42,71";"2,86";"0,95";"23,17";"3,18";"0,59";;"3,65";"37,89";"3,69";"0,01";"0,01";"4,97";"0,04";"0,71";"0";"6,56";"75,93";;"16,13";"5,42";"7,59";"0";"48,66";"86,15";"0";"0,9";"0,04";"17,12";"14,64";"6,74";"6,6";"1,65";;"16,63";"5,29";"10,22";"0,46";"41,46";"3,38";"0,29";"0,02";;;"2,17";"46,55";;"3,65";"400,14";3
2014;12;"2,47";"0,04";"0,1";"0,23";"2,84";"3,91";"46,09";"2,59";"0,93";"23,74";"3,64";"0,59";;"4,77";"38,57";"4,31";"0";"0,03";"4,6";"0,02";"0,84";"0";"7,06";"81,58";;"17,18";"5,29";"7,63";"0";"50,78";"89,51";"0";"0,76";"0,13";"16";"13,48";"6,3";"6,13";"1,32";;"16,29";"4,84";"7,82";"0,35";"42,54";"3,31";"0,24";"0,01";;;"2,61";"47,48";;"4,77";"407,9";3
2015;1;"2,66";"0,01";"0,07";"0,39";"3,13";"3,74";"46,94";"2,94";"1,01";"21,34";"4,03";"0,64";;"4,45";"41,97";"4,25";"0,01";"0,02";"5,54";"0,02";"0,67";"0";"8,02";"87,04";;"20,57";"5,04";"8,79";"0";"55,02";"99,08";"0,01";"0,87";"0,05";"19,21";"15,1";"6,67";"7,26";"1,41";;"17,6";"5,66";"9,06";"0,35";"44,06";"3,5";"0,33";"0,01";;;"2,73";"51,77";;"4,45";"433,89";3
2015;2;"1,97";"0,05";"0,06";"0,5";"2,59";"2,9";"40,92";"2,1";"0,81";"17,96";"3,4";"0,47";;"3,07";"38,88";"3,02";"0,02";"0,02";"5,49";"0,06";"0,82";"0";"7,59";"77,96";;"30,13";"4,7";"11,23";"0";"50,66";"104,79";"0";"0,75";"0,08";"14,4";"14,13";"6,35";"6,53";"1,49";;"17,01";"5,47";"8,67";"0,35";"37,15";"3,03";"0,26";"0,01";;;"2,08";"47,39";;"3,07";"393,98";3
2015;3;"2,31";"0,01";"0,09";"0,33";"2,74";"3,3";"41,13";"2,66";"0,87";"21,79";"3,69";"0,64";;"3,32";"37,2";"3,55";"0,01";"0,02";"5,47";"0,08";"1";"0";"7,73";"80,02";;"20,39";"5,98";"9,29";"0";"50,31";"95,17";"0";"1,13";"0,1";"19,77";"15,22";"6,46";"7,56";"1,45";;"20,73";"6,11";"10,65";"0,53";"42,9";"3,59";"0,33";"0,08";;;"2,41";"46,22";;"3,32";"419,28";3
2015;4;"2,05";"0,02";"0,13";"0,36";"2,56";"2,96";"38,07";"2,54";"0,86";"20,32";"3,18";"0,53";;"2,91";"33,59";"3,85";"0,03";"0,03";"5,38";"0,07";"0,75";"0";"6,9";"73,49";;"18,1";"5,62";"8,37";"0";"45,5";"85,58";"0,01";"0,93";"0,08";"16,08";"13,63";"5,41";"7,01";"1,51";;"18,65";"5,63";"11,85";"0,34";"37,87";"3,05";"0,23";"0,01";;;"2,2";"42,82";;"2,91";"381,64";3
2015;5;"2,1";"0,01";"0,05";"0,27";"2,43";"2,91";"35,34";"2,14";"0,96";"20,09";"3,17";"0,5";;"3,38";"32,75";"3,89";"0,02";"0,01";"5,54";"0,03";"0,89";"0";"7,35";"72,36";;"19,69";"5,75";"8,68";"0";"46,92";"89,71";"0,01";"1,25";"0,04";"18,26";"13,64";"5,55";"7,12";"1,25";;"18,71";"4,87";"11,36";"0,34";"36,24";"3,14";"0,27";"0,02";;;"2,16";"42,18";;"3,38";"388,44";3
2015;6;"1,64";"0,01";"0,1";"0,27";"2,02";"2,88";"33,46";"2,35";"0,85";"20,37";"2,81";"0,58";;"3,42";"26,72";"3,74";"0,02";"0,01";"5,42";"0,03";"0,64";"0,02";"7,51";"64,55";;"17,98";"5,85";"9,15";"0,03";"45,19";"86,25";"0";"1,16";"0,06";"17,77";"12,9";"5,11";"6,85";"1,23";;"18,91";"4,82";"10,13";"0,34";"34,32";"2,98";"0,31";"0,02";;;"1,75";"35,88";;"3,42";"364,85";3
2015;7;"1,85";"0,01";"0,05";"0,37";"2,28";"2,92";"34,51";"2,58";"0,88";"20,54";"3,6";"0,58";;"3,27";"29,27";"3,64";"0,01";"0,02";"5,82";"0,05";"0,59";"0,15";"7,05";"68,69";;"17,26";"5,15";"8,99";"1,33";"45,22";"86,29";"0";"1,11";"0,07";"19,01";"15,37";"6,78";"7,43";"1,4";;"18,3";"5,09";"10,89";"0,5";"35,75";"3,01";"0,23";"0,01";;;"1,92";"38,73";;"3,27";"381,48";3
2015;8;"2,03";"0,01";"0,07";"0,3";"2,4";"2,82";"37,86";"2,63";"0,93";"21,76";"3,2";"0,6";;"2,94";"29,14";"3,79";"0";"0,01";"6,7";"0,03";"0,56";"0,1";"7,08";"68,19";;"17,15";"5,19";"9,86";"1,03";"43,82";"85,44";"0";"1,15";"0,06";"17,94";"14,86";"6,23";"7,69";"1,21";;"18,94";"5,35";"10,76";"0,43";"36,2";"2,94";"0,27";"0,01";;;"2,11";"39,63";;"2,94";"381,54";3
2015;9;"2,12";"0";"0,04";"0,35";"2,51";"3,61";"37,22";"2,34";"0,85";"19,95";"3,39";"0,55";;"3,24";"28,74";"4,79";"0,01";"0,01";"7,21";"0,05";"0,75";"0,13";"6,95";"70,4";;"18,94";"5,37";"12,51";"1,13";"46,94";"93,46";"0,01";"0,98";"0,04";"16,66";"13,69";"5,75";"6,95";"1,23";;"17,29";"5,26";"10,09";"0,56";"35,7";"3,57";"0,29";"0,05";;;"2,16";"40,74";;"3,24";"382,31";3
2015;10;"2,29";"0,01";"0,06";"0,31";"2,68";"2,47";"39,41";"2,31";"0,91";"20,52";"3,1";"0,66";;"3,99";"30,63";"4,34";"0,01";"0,02";"6,47";"0,02";"0,64";"0,11";"7,25";"72,33";;"16,5";"5,41";"10,49";"1,21";"43,67";"85,65";"0";"0,94";"0,08";"17,86";"14,54";"6,37";"7,37";"1,19";;"18,01";"5,33";"10,4";"0,6";"38,75";"3,07";"0,21";"0,01";;;"2,37";"41,44";;"3,99";"386,38";3
2015;11;"2,05";"0,03";"0,03";"0,28";"2,39";"2,89";"40,86";"2,44";"0,94";"18,53";"3,56";"0,69";;"4,13";"32,63";"3,93";"0,01";"0,02";"7,04";"0,02";"0,69";"0,1";"7,17";"75,75";;"16,71";"5,1";"9,36";"0,9";"43,33";"84,18";"0";"1,16";"0,04";"18,37";"13,35";"5,42";"6,93";"1,27";;"17,69";"4,7";"9,95";"0,59";"36,94";"3,33";"0,19";"0,02";;;"2,11";"43,6";;"4,13";"380,04";3
2015;12;"2,3";"0,02";"0,07";"0,17";"2,56";"2,89";"41,94";"2,5";"0,92";"20,84";"3,69";"0,74";;"5,55";"34";"4,38";"0,02";"0,01";"6,65";"0,04";"0,57";"0,1";"8,66";"83,31";;"18,38";"5,96";"9,24";"0,93";"48,58";"91,4";"0";"0,83";"0,09";"19,79";"13,34";"6,81";"5,67";"1,15";;"15,94";"4,34";"8,3";"0,46";"37,01";"3,15";"0,31";"0,03";;;"2,39";"45,04";;"5,55";"404,44";3
2016;1;"2,45";"0,01";"0,11";"0,32";"2,89";"3,12";"38,07";"2,45";"1,05";"17,04";"3,72";"0,74";;"4,41";"43,45";"4,91";"0,01";"0,01";"8,09";"0,04";"0,48";"0,14";"8,23";"94,45";;"21,17";"5,77";"10,49";"0,89";"48,45";"95,89";"0";"0,83";"0,03";"18,33";"13,55";"5,63";"7,05";"1,12";;"17,7";"5,73";"8,27";"0,52";"34,11";"3,65";"0,3";"0,02";;;"2,57";"56,44";;"4,41";"409,69";3
2016;2;"2,43";"0,04";"0,13";"0,3";"2,9";"2,99";"39,58";"1,98";"0,84";"17,26";"3,49";"0,69";;"3,74";"46,7";"4,9";"0,02";"0,01";"8,29";"0,02";"0,39";"0,08";"10,57";"97,31";;"24,38";"4,99";"10,87";"1,01";"49,73";"99,75";"0";"0,71";"0,04";"16,1";"12,6";"4,91";"6,66";"1,28";;"18,53";"5,19";"8,69";"0,52";"34,74";"2,9";"0,26";"0,04";;;"2,6";"59,89";;"3,74";"414,36";3
2016;3;"2,68";"0,01";"0,11";"0,37";"3,17";"3,32";"38,27";"2,29";"0,67";"17,64";"3,61";"0,58";;"3,83";"44,89";"5,47";"0,02";"0,06";"8,72";"0,07";"0,51";"0,1";"9,22";"97,51";;"14,85";"5,53";"9,12";"1,04";"46,31";"85,33";"0";"1,17";"0,04";"19,7";"13,77";"5,08";"7,72";"1,28";;"20,18";"6,14";"9,87";"0,46";"37,13";"3,02";"0,36";"0,04";;;"2,8";"59,08";;"3,83";"410,63";3
2016;4;"2,86";"0,01";"0,09";"0,47";"3,42";"3,3";"34,71";"2,58";"0,84";"18,39";"3,46";"0,64";;"4,38";"40,77";"5,39";"0,01";"0,01";"8,76";"0,05";"0,34";"0,08";"9,84";"93,36";;"12,48";"5,11";"8,37";"1,03";"42,79";"78,44";"0,01";"0,91";"0,05";"17,67";"12,32";"4,29";"7,05";"1,19";;"18,86";"5,34";"8,13";"0,59";"32";"2,82";"0,22";"0,01";;;"2,96";"54,93";;"4,38";"384,48";3
2016;5;"2,22";"0,02";"0,1";"0,51";"2,85";"2,89";"32,08";"2,23";"0,87";"17,26";"3,6";"0,55";;"4,42";"44,8";"6,17";"0";"0,01";"8,71";"0,02";"0,43";"0,09";"10,4";"98,79";;"13,59";"5,02";"7,95";"1,19";"44,29";"81,31";"0";"0,85";"0,04";"20,21";"12,78";"4,6";"7,2";"1,21";;"18,33";"5,02";"9,17";"0,57";"30,07";"2,74";"0,23";"0,04";;;"2,34";"59,67";;"4,42";"392,71";3
2016;6;"2,24";"0,03";"0,15";"0,45";"2,87";"2,53";"28,12";"2,21";"0,73";"17,68";"3,11";"0,72";;"4,2";"48,11";"6,7";"0,02";"0,02";"9,72";"0,03";"0,26";"0,11";"9,99";"102,9";;"13,3";"5";"7,81";"0,96";"40,76";"76,58";"0";"0,66";"0,02";"18,62";"11,86";"4,7";"6,34";"1,15";;"17,51";"5,02";"9,92";"0,66";"29,95";"2,57";"0,26";"0,01";;;"2,42";"64,53";;"4,2";"386,85";3
2016;7;"2,21";"0,05";"0,09";"0,44";"2,8";"2,9";"33,88";"2,37";"0,87";"18,15";"3,79";"0,6";;"4,21";"47,09";"6,88";"0,01";"0,05";"10,1";"0,03";"0,41";"0,1";"9,25";"101,18";;"12,73";"4,87";"8,24";"0,89";"45,29";"79,83";"0,01";"0,76";"0,02";"18,81";"13,35";"5,56";"6,78";"1,25";;"17,84";"4,43";"9,32";"0,75";"31,13";"2,99";"0,3";"0,01";;;"2,35";"64,07";;"4,21";"398,5";3
2016;8;"2,33";"0,02";"0,08";"0,44";"2,88";"3,18";"32,25";"2,34";"0,96";"19,28";"3,86";"0,62";;"4,56";"48,26";"7,05";"0,01";"0,01";"10,54";"0,04";"0,4";"0,08";"9,75";"103,45";;"15,08";"5,74";"9,51";"0,97";"57,09";"95,84";"0";"0,65";"0,03";"20,93";"12,91";"5,72";"6,28";"1,14";;"17,48";"4,69";"8,28";"0,72";"31,48";"2,63";"0,25";"0,01";;;"2,43";"65,85";;"4,56";"417,88";3
2016;9;"2,55";"0,02";"0,11";"0,53";"3,21";"2,87";"34,11";"2,59";"0,92";"17,2";"4,01";"0,66";;"5,36";"48,35";"7,87";"0,01";"0,02";"10,84";"0,01";"0,4";"0,13";"10,17";"108,49";;"12,48";"5,39";"9,33";"1,16";"47,23";"83,29";"0,01";"0,77";"0,02";"18,25";"12,35";"5,22";"6,28";"1,09";;"16,19";"4,82";"7,04";"0,54";"32,97";"2,78";"0,27";"0,02";;;"2,68";"67,06";;"5,36";"405,25";3
2016;10;"2,79";"0,04";"0,18";"0,52";"3,54";"3,07";"38,22";"2,47";"1,03";"17,96";"3,87";"0,66";;"5,67";"53,77";"9,16";"0,02";"0,02";"11,69";"0,05";"0,36";"0,11";"10,94";"121,42";;"12,36";"5,04";"8,54";"1,1";"47,03";"82,27";"0,03";"0,91";"0,02";"19,69";"11,33";"4,92";"5,59";"0,97";;"17,06";"4,75";"6,6";"0,46";"33,24";"3,4";"0,26";"0,01";;;"3,01";"74,62";;"5,67";"421,88";3
2016;11;"2,77";"0,05";"0,11";"0,56";"3,49";"3,17";"34,24";"2,35";"0,85";"15,73";"3,98";"0,82";;"6,61";"52,07";"9,67";"0,01";"0,05";"11,28";"0,05";"0,26";"0,05";"11,83";"121,35";;"11,66";"4,62";"7,99";"0,88";"44,45";"77,97";"0,01";"0,76";"0,06";"16,79";"11,41";"4,31";"6,23";"1,01";;"16,86";"4,93";"6,49";"0,57";"31,19";"2,96";"0,28";"0,01";;;"2,92";"73,02";;"6,61";"400,42";3
2016;12;"2,78";"0,04";"0,17";"0,65";"3,64";"3,05";"37,49";"2,42";"1,1";"16,54";"3,31";"0,64";;"7,97";"45,78";"8,37";"0,01";"0,03";"10,77";"0,03";"0,43";"0,08";"12,39";"114,92";;"11,99";"4,55";"7,46";"1";"47,92";"81,09";"0,01";"0,72";"0,04";"16,83";"12,17";"4,94";"6,54";"0,92";;"18,39";"4,68";"6,42";"0,53";"31,89";"3,06";"0,28";"0,02";;;"2,99";"64,92";;"7,97";"403,6";3
2017;1;"2,87";"0,01";"0,15";"0,59";"3,62";"3,29";"28,18";"2,45";"0,93";"10,55";"2";"0,49";;"4,16";"30,78";"4,96";"0,02";"0,02";"6,82";"0,01";"0,24";"0,05";"10,52";"85,27";;"8,65";"2,81";"5,25";"0,77";"34,8";"60,4";"0";"0,5";"0,04";"10,36";"10,22";"3,14";"6,39";"0,86";;"17,15";"4,57";"5,66";"0,73";"22,75";"2,2";"0,27";"0,01";;;"3,03";"42,56";;"4,16";"308,14";3
2017;2;"3,01";"0,02";"0,16";"0,51";"3,7";"2,71";"15,11";"1,94";"1,02";"5,08";"1,66";"0,29";;"2,71";"13,55";"2,92";"0";"0,02";"3,3";"0,02";"0,07";"0,02";"7,97";"58,22";;"3,97";"1";"3,16";"0,23";"18,51";"34,73";"0";"0,29";"0,05";"4,3";"7,59";"2,23";"4,84";"0,72";;"14,36";"3,21";"5,29";"0,49";"8,45";"1,41";"0,23";"0,01";;;"3,19";"19,77";;"2,71";"187,19";3
2017;3;"2,98";"0,04";"0,17";"0,74";"3,92";"2,69";"23,35";"2,52";"1,05";"8,36";"3,16";"0,59";;"4,68";"36,6";"7,82";"0,02";"0,04";"11,6";"0,02";"0,19";"0,16";"21,93";"116,79";;"9,2";"2,83";"8,06";"0,95";"52";"81,6";"0,02";"0,78";"0,01";"11,96";"10,22";"2,92";"6,53";"0,9";;"18,34";"4,86";"8,54";"0,56";"18,32";"2,1";"0,2";"0,01";;;"3,19";"56,03";;"4,68";"361,94";3
2017;4;"2,61";"0,01";"0,13";"0,48";"3,23";"3,22";"33,89";"2,17";"1,1";"14,25";"3,9";"0,76";;"6,18";"51,16";"9,53";"0,01";"0,04";"15,09";"0,04";"0,36";"0,08";"20,86";"137,31";;"9,43";"3,43";"7,67";"1,22";"46,65";"76,12";"0,02";"0,79";"0,04";"15,67";"10,86";"3,71";"6,34";"1,01";;"17,73";"4,17";"8,11";"0,68";"27,52";"2,16";"0,16";"0,01";;;"2,75";"75,78";;"6,18";"407";3
2017;5;"2,54";"0,01";"0,12";"0,58";"3,25";"3,02";"31,07";"2,51";"1,13";"16,49";"4";"0,74";;"7,42";"57,88";"9,67";"0,01";"0,07";"15,25";"0,04";"0,32";"0,08";"15,89";"138,9";;"11,17";"4,87";"8,44";"1,45";"50,04";"83,76";"0,01";"0,93";"0,1";"18,31";"11,15";"3,65";"6,67";"1,09";;"17,85";"3,83";"8,64";"0,77";"27,84";"2,27";"0,11";"0,02";;;"2,67";"82,81";;"7,42";"430,38";3
2017;6;"2,33";"0,01";"0,11";"0,58";"3,03";"2,84";"29,98";"2,36";"1,03";"15,62";"3,7";"0,77";;"5,88";"51,06";"8,25";"0,01";"0,04";"13,98";"0,02";"0,4";"0,08";"15,22";"126,65";;"9,9";"4,19";"8,59";"0,9";"44,05";"75,91";"0";"0,95";"0,09";"16,65";"11,15";"3,71";"6,51";"1,14";;"16,26";"3,63";"9,78";"0,72";"27,38";"2,43";"0,14";"0,01";;;"2,45";"73,29";;"5,88";"402,92";3
2017;7;"2,24";"0,01";"0,14";"0,38";"2,76";"2,52";"30,22";"2,22";"1,11";"15,66";"3,8";"0,63";;"5,43";"51,24";"9,28";"0,02";"0,02";"14,76";"0,05";"0,35";"0,11";"15,37";"130,68";;"9,77";"4,31";"8,48";"1";"43,84";"74,62";"0";"0,77";"0,07";"16,96";"10,71";"4,3";"5,72";"0,93";;"16,28";"3,59";"9,53";"1,15";"27,06";"2,42";"0,14";"0,01";;;"2,38";"75,29";;"5,43";"406,35";3
2017;8;"2,37";"0,02";"0,1";"0,42";"2,91";"3,15";"31,21";"2,58";"1,06";"15,37";"3,87";"0,66";;"5,03";"52,61";"9,72";"0,01";"0,01";"14,42";"0,04";"0,47";"0,02";"15,74";"130,14";;"10,47";"4,52";"8";"1,09";"46,36";"78,3";"0";"0,87";"0,07";"17,83";"11,26";"4,33";"6,06";"1,09";;"16,91";"3,72";"10,85";"1,32";"28,06";"2,51";"0,25";"0,03";;;"2,49";"76,75";;"5,03";"420,04";3
2017;9;"2,73";"0,01";"0,07";"0,63";"3,44";"2,85";"33,6";"2,72";"1,05";"15,52";"3,19";"0,65";;"4,03";"45,75";"7,58";"0";"0,02";"13,19";"0,02";"0,49";"0,08";"15,22";"115,92";;"11,16";"4,66";"10,46";"1,09";"46,44";"81,44";"0";"0,82";"0,04";"16,25";"11,03";"4,31";"6,01";"0,97";;"17,25";"4,29";"9,4";"1,04";"28,62";"2,55";"0,18";"0,01";;;"2,81";"66,52";;"4,03";"401,35";3
2017;10;"2,89";"0,04";"0,1";"0,58";"3,61";"3,27";"36,44";"2,99";"1,08";"15,08";"3,71";"0,62";;"5,35";"44,27";"7,09";"0,01";"0,02";"13,33";"0,03";"0,37";"0,08";"15,27";"115,51";;"9,38";"4,46";"9,13";"0,87";"45,81";"77,5";"0";"0,7";"0,04";"17,59";"11,21";"4,36";"5,98";"1,03";;"16,36";"3,3";"9,01";"0,89";"31,84";"2,79";"0,23";"0,02";;;"3,03";"64,69";;"5,35";"404,08";3
2017;11;"2,7";"0,04";"0,09";"0,74";"3,57";"3,24";"32,65";"2,8";"0,92";"13,81";"3,42";"0,66";;"5,56";"40,53";"7,52";"0,02";"0,03";"12,05";"0,04";"0,4";"0,04";"16";"111,13";;"10,56";"4,04";"8,67";"0,95";"40,05";"71,97";"0";"0,74";"0,06";"15,82";"11,23";"4,27";"6,13";"0,97";;"15,76";"3,17";"8,12";"0,86";"28,32";"2,43";"0,2";"0,01";;;"2,83";"60,09";;"5,56";"379,17";3
2017;12;"2,63";"0,02";"0,08";"0,5";"3,24";"3,01";"35,59";"2,28";"1,14";"14,52";"2,96";"0,65";;"6,82";"37,83";"6,81";"0,02";"0,04";"11,69";"0,02";"0,45";"0,06";"15";"108,93";;"10,68";"3,88";"7,34";"0,95";"40,74";"70,76";"0";"0,55";"0,07";"14,16";"10,56";"4,3";"5,48";"1,05";;"14,87";"2,73";"7,94";"0,73";"28,31";"2,37";"0,15";"0,01";;;"2,74";"56,33";;"6,82";"371,04";3
2018;1;"2,76";"0,04";"0,14";"0,93";"3,86";"3,58";"32,91";"2,41";"0,97";"12,36";"3,52";"0,64";;"5,77";"46,11";"6,32";"0,02";"0,06";"12,07";"0,02";"0,4";"0,1";"17,33";"123,55";;"13,36";"3,98";"8,41";"0,82";"43,8";"77,84";"0";"0,73";"0,07";"16,62";"10,58";"3,7";"6,05";"1,03";;"16,46";"3,35";"5,9";"0,88";"28,54";"2,67";"0,26";"0,01";;;"2,93";"64,49";;"5,77";"399,56";3
2018;2;"2,6";"0,03";"0,12";"0,6";"3,35";"2,91";"29,97";"2,63";"0,76";"10,56";"3,25";"0,67";;"4,37";"42,81";"5,96";"0,01";"0,03";"12,69";"0,01";"0,38";"0,02";"17,53";"115,95";;"13,71";"3,23";"9,3";"0,68";"39,41";"73,16";"0";"0,63";"0,07";"12,59";"9,35";"3,37";"5,38";"0,78";;"14,76";"2,96";"7,1";"0,89";"25,1";"1,97";"0,24";"0";;;"2,75";"61,46";;"4,37";"361,58";3
2018;3;"2,99";"0,04";"0,12";"0,64";"3,78";"3,25";"32,17";"2,66";"1,01";"13,57";"3,75";"0,68";;"5,4";"44,9";"8,14";"0,01";"0,03";"12,83";"0,05";"0,31";"0,05";"16,04";"123,67";;"9,54";"4,37";"7,19";"0,88";"38,54";"67,87";"0";"0,8";"0,02";"15,6";"10,25";"3,96";"5,58";"0,89";;"16,43";"3,39";"7,92";"0,64";"29,17";"2,52";"0,19";"0,01";;;"3,14";"65,87";;"5,4";"388,15";3
2018;4;"2,79";"0,01";"0,08";"0,59";"3,48";"2,88";"31,08";"2,51";"1,03";"14,14";"3,9";"0,61";;"5,23";"44,55";"7,93";"0,01";"0,03";"12,32";"0,05";"0,39";"0,08";"14,76";"117,17";;"9,36";"4,39";"6,72";"0,87";"38,25";"67,49";"0";"0,59";"0,1";"15,6";"10,89";"4,21";"5,82";"1,01";;"17,23";"3,41";"7,61";"0,86";"27,6";"2,17";"0,15";"0";;;"2,89";"64,8";;"5,23";"378,46";3
2018;5;"2,48";"0,01";"0,08";"0,85";"3,41";"3,13";"30,18";"2,65";"0,92";"13,78";"3,69";"0,61";;"4,4";"47,02";"8,78";"0,01";"0,04";"13,43";"0,04";"0,55";"0,08";"16,29";"120,6";;"9,42";"4,58";"6,87";"1,06";"41,01";"70,91";"0";"0,85";"0,04";"18,49";"11,51";"4,04";"6,55";"1,08";;"17,97";"3,41";"8,37";"1,23";"27,33";"2,18";"0,26";"0,03";;;"2,56";"69,23";;"4,4";"391,67";3
2018;6;"2,19";"0,04";"0,06";"0,91";"3,19";"3,33";"29,1";"2,57";"1,14";"12,7";"3,07";"0,65";;"4,41";"45,17";"7,86";"0,01";"0,04";"13,12";"0,02";"0,47";"0,09";"15,5";"113,85";;"8,57";"4,03";"7,18";"0,91";"37,38";"65,53";"0";"0,78";"0,06";"16,85";"10,56";"3,56";"6,23";"0,98";;"17";"3,38";"7,41";"1,33";"25,83";"2,41";"0,18";"0,01";;;"2,29";"66,16";;"4,41";"362,91";3
2018;7;"2,39";"0,03";"0,05";"0,76";"3,23";"3,18";"30,44";"2,44";"0,89";"13,76";"2,93";"0,55";;"4,26";"43,64";"7,65";"0,01";"0,01";"12,8";"0,03";"0,34";"0,07";"13,53";"106,3";;"9,63";"3,78";"7,96";"0,8";"38,35";"68,06";"0,01";"0,74";"0,05";"18,8";"10,96";"3,86";"6,31";"0,99";;"15,97";"3,54";"8,08";"1,11";"26,73";"2,26";"0,15";"0,03";;;"2,48";"64,08";;"4,26";"365,32";3
2018;8;"2,1";"0,03";"0,08";"1,03";"3,23";"3,12";"27,11";"2,52";"0,91";"13,2";"3,12";"0,63";;"3,92";"42,29";"8,15";"0,01";"0,01";"12,64";"0,02";"0,36";"0,07";"15,26";"109,27";;"9,05";"4,27";"7,58";"0,94";"40,45";"70,43";"0";"0,87";"0,07";"21,06";"11,61";"4,04";"6,65";"1,17";;"17,76";"3,42";"10,06";"1,51";"26,4";"2,2";"0,14";"0,02";;;"2,21";"63,09";;"3,92";"383,24";3
2018;9;"2,22";"0,04";"0,08";"0,63";"2,97";"2,96";"31,11";"2,85";"0,91";"14,58";"2,7";"0,6";;"3,36";"39,33";"7,42";"0,01";"0,01";"12,7";"0,05";"0,93";"0,09";"13,88";"104,68";;"8,26";"3,81";"6,83";"0,94";"38,92";"66,56";"0";"0,85";"0,03";"16,35";"11,4";"4,35";"6,18";"1,07";;"16,29";"2,74";"9,51";"1,11";"27,16";"2,25";"0,1";"0,01";;;"2,35";"59,46";;"3,36";"363,13";3
2018;10;"2,23";"0,01";"0,06";"0,74";"3,04";"2,86";"31,84";"2,84";"0,89";"13,86";"2,64";"0,55";;"3,79";"42,83";"8,38";"0,01";"0,05";"14,41";"0,05";"0,48";"0,1";"13,43";"111,41";;"9,29";"4,28";"7,96";"1,2";"40,94";"71,98";"0";"0,83";"0,05";"17,22";"10,1";"3,88";"5,46";"0,96";;"15,87";"3";"6,43";"0,99";"28,38";"2,48";"0,09";"0,01";;;"2,3";"65,62";;"3,79";"381,64";3
2018;11;"2,2";"0,02";"0,07";"0,79";"3,08";"2,69";"30,69";"2,47";"0,89";"13,28";"2,56";"0,49";;"4,22";"40,81";"8,05";"0,03";"0,02";"13,64";"0,03";"0,46";"0,09";"13,74";"107,84";;"9,07";"4,29";"7,89";"1,02";"40,49";"70,47";"0,01";"0,7";"0,02";"16,74";"9,98";"3,86";"5,41";"0,93";;"16,02";"2,84";"7,17";"1,51";"27,08";"2,38";"0,14";"0,01";;;"2,29";"62,5";;"4,22";"368,02";3
2018;12;"2,01";"0,03";"0,08";"0,51";"2,63";"2,6";"33,35";"2,5";"1,11";"15,05";"2,52";"0,63";;"4,58";"37,54";"6,88";"0,01";"0,02";"12,46";"0,09";"0,42";"0,08";"12,6";"100";;"10,3";"3,6";"8";"0,98";"40,07";"70,82";"0,01";"0,71";"0,04";"15,67";"9,21";"3,72";"4,74";"0,96";;"14,36";"2,85";"6,67";"1,26";"28,1";"2,45";"0,14";"0,02";;;"2,12";"56,88";;"4,58";"360,64";3
2019;1;"2,24";"0,01";"0,09";"0,92";"3,27";"3,35";"37,32";"2,67";"0,91";"13,56";"2,5";"0,67";;"4,3";"43,31";"7,72";"0,01";"0,04";"14,02";"0,03";"0,51";"0,11";"13,74";"108,96";;"11,96";"4,18";"9,19";"0,98";"46,43";"80,95";"0";"0,75";"0,03";"18,16";"11,74";"4,6";"6,26";"1,17";;"16,94";"3,14";"7,36";"1,37";"34,29";"2,6";"0,18";"0,02";;;"2,34";"65,05";;"4,3";"404,41";3
2019;2;"1,88";"0,03";"0,05";"0,84";"2,79";"2,61";"30,25";"2,55";"0,91";"11,87";"2,39";"0,67";;"3,75";"40,65";"7,87";"0,02";"0,01";"12,26";"0,08";"0,35";"0,08";"12,33";"101,1";;"10,97";"3,98";"9,37";"0,92";"42,48";"75,51";"0";"0,84";"0,04";"17,94";"12,14";"4,63";"6,54";"1,17";;"17,84";"3,25";"8,08";"1,36";"28,48";"2,04";"0,21";"0,02";;;"1,95";"60,78";;"3,75";"377,25";3
2019;3;"2";"0,03";"0,06";"0,77";"2,86";"3,42";"34,25";"2,72";"0,93";"12,52";"2,88";"0,55";;"3,7";"44,89";"8,89";"0,01";"0,02";"15,24";"0,03";"0,51";"0,09";"14,78";"113,51";;"16";"3,68";"10,96";"1,17";"49,62";"89,35";"0";"0,92";"0,03";"17,43";"11,27";"4,29";"6,11";"1,05";;"17,56";"3,59";"8,08";"1,78";"32,33";"2,36";"0,17";"0,01";;;"2,09";"69,02";;"3,7";"418,46";3
2019;4;"2,09";"0,01";"0,06";"0,72";"2,88";"2,7";"32,33";"2,8";"1";"12,66";"2,91";"0,72";;"3,87";"40,79";"9,19";"0,01";"0,02";"14,06";"0,06";"0,48";"0,13";"13,02";"107,05";;"8,81";"3,52";"7,65";"1,22";"44,28";"72,7";"0";"0,88";"0,06";"18,91";"11,07";"4,32";"5,92";"1,08";;"18,15";"2,88";"9,56";"2,03";"30,8";"2,37";"0,13";"0,02";;;"2,16";"64,04";;"3,87";"393,28";3
2019;5;"2";"0,01";"0,09";"1";"3,1";"2,77";"28,75";"2,7";"0,84";"13,36";"2,98";"0,54";;"4,12";"42,51";"9,42";"0,01";"0,02";"14,07";"0,05";"0,5";"0,04";"12,85";"108,27";;"8,55";"4,15";"8,25";"1,28";"44,71";"75,51";"0";"0,85";"0,04";"20,28";"11,79";"4,26";"6,57";"1,15";;"18,37";"3,06";"10,27";"1,44";"29,38";"2,26";"0,12";"0,01";;;"2,1";"66";;"4,12";"396,21";3
2019;6;"1,92";"0,02";"0,05";"0,89";"2,87";"2,53";"27,64";"2,4";"0,88";"14,38";"2,21";"0,49";;"3,47";"35,22";"7,46";"0,01";"0,02";"12,67";"0,11";"0,48";"0,05";"11,5";"91,75";;"8,36";"3,65";"7,79";"1,1";"41,86";"70,02";"0";"0,77";"0,03";"17,55";"10,74";"4,42";"5,66";"0,92";;"16,5";"2,71";"9,19";"1,35";"26,06";"2,34";"0,12";"0,01";;;"1,99";"55,35";;"3,47";"354,67";3
2019;7;"1,81";"0,03";"0,08";"1,13";"3,05";"2,29";"27,45";"2,33";"0,87";"13,46";"2,23";"0,42";;"4";"38,44";"7";"0,01";"0";"12,89";"0,07";"0,56";"0,09";"12,24";"96,46";;"9,09";"4,32";"8,06";"1,33";"44,21";"74,85";"0";"0,78";"0,07";"21,01";"10,78";"4,11";"5,77";"1,08";;"16,84";"2,84";"10,75";"1,55";"27,1";"2,32";"0,19";"0,04";;;"1,92";"58,33";;"4";"381,22";3
2019;8;"1,85";"0,01";"0,03";"1";"2,89";"2,63";"27,52";"2,66";"0,94";"14,06";"2,5";"0,6";;"3,39";"37,31";"6,9";"0,01";"0,01";"12,98";"0,05";"0,57";"0,1";"10,39";"93,18";;"9,07";"3,9";"8,87";"1,07";"42,1";"72,87";"0";"0,76";"0,07";"20,5";"10,77";"3,86";"6,17";"0,99";;"18,01";"2,75";"11,73";"1,53";"26,96";"2,12";"0,16";"0,05";;;"1,89";"57,19";;"3,39";"377,5";3
2019;9;"1,79";"0,03";"0,04";"0,89";"2,75";"1,99";"27,68";"2,78";"0,91";"13,57";"2,1";"0,46";;"2,7";"33,45";"5,75";"0";"0,01";"11,93";"0,05";"0,46";"0,12";"8,34";"80,45";;"7,74";"3,45";"8,39";"1,22";"39,48";"67,18";"0";"0,91";"0,04";"19,3";"10,24";"4,04";"5,44";"0,91";;"16,05";"2,68";"11,47";"1,43";"27,65";"2,3";"0,11";"0,08";;;"1,86";"51,13";;"2,7";"345,46";3
2019;10;"1,85";"0,02";"0,02";"0,84";"2,74";"2,46";"32,92";"3,07";"1,07";"13,65";"2,1";"0,55";;"3,35";"36,31";"6,4";"0";"0,04";"12,72";"0,05";"0,5";"0,1";"10,02";"89,6";;"8,88";"4,04";"10,9";"1,38";"43,71";"75,81";"0";"0,88";"0,08";"24,1";"11,01";"4,41";"5,81";"0,97";;"16,93";"3,1";"10,32";"1,63";"30,56";"2,45";"0,1";"0,02";;;"1,9";"55,43";;"3,35";"379,53";3
2019;11;"1,84";"0,02";"0,08";"0,79";"2,73";"2,19";"31,08";"2,43";"1,1";"12,97";"2,05";"0,36";;"3";"31,31";"6,35";"0";"0,02";"11,65";"0,05";"0,6";"0,07";"9,88";"82,48";;"8,79";"3,62";"8,53";"1,34";"40,15";"69,12";"0";"0,66";"0,03";"22,46";"10,19";"4,36";"5,04";"0,97";;"15,7";"2,75";"9,28";"1,27";"28,47";"2,25";"0,12";"0,02";;;"1,94";"49,31";;"3";"350,4";3
2019;12;"1,9";"0,05";"0,03";"0,71";"2,68";"2,35";"31,09";"2,42";"1,09";"13,77";"2,11";"0,51";;"3,5";"29,16";"5,91";"0,04";"0,01";"10,51";"0,06";"0,67";"0,1";"10,18";"80,66";;"8,98";"3,35";"8,16";"1,29";"41,35";"70,2";"0,01";"0,61";"0,04";"20,94";"9,9";"4,77";"4,69";"0,61";;"14,89";"2,31";"6,5";"1,28";"26,86";"2,18";"0,13";"0,01";;;"1,97";"45,58";;"3,5";"343,53";3
2020;1;"2";"0,02";"0,04";"0,87";"2,94";"2,59";"30,82";"2,28";"0,77";"11,17";"2,37";"0,42";;"3,31";"35,58";"6,83";"0,01";"0,03";"12,56";"0,03";"0,56";"0,17";"10,58";"91,07";;"12,14";"3,34";"9,98";"1,59";"49,1";"83,97";"0";"0,56";"0,05";"22,65";"9,86";"4,21";"5,03";"0,8";;"16,38";"2,76";"7,66";"1,52";"28,34";"2,29";"0,21";"0,01";;;"2,06";"54,98";;"3,31";"376,85";2
2020;2;"1,85";"0,01";"0,06";"0,94";"2,86";"2,42";"30,97";"2,4";"0,83";"10,87";"2,19";"0,35";;"2,39";"32,61";"7,49";"0,01";"0,04";"11,84";"0,02";"0,45";"0,07";"8,88";"83,1";;"12,21";"3,25";"12,98";"1,32";"41,95";"78,48";"0";"0,59";"0,06";"20,31";"9,95";"4,44";"5,02";"0,64";;"16,5";"2,47";"6,81";"1,39";"26,58";"2,16";"0,22";"0,01";;;"1,92";"51,94";;"2,39";"359,81";2
2020;3;"2,13";"0,01";"0,05";"0,65";"2,83";"2,07";"23,26";"2,1";"0,72";"7,16";"1,76";"0,41";;"2,09";"25,18";"5,68";"0";"0,04";"8,81";"0,03";"0,53";"0,1";"9,8";"68,43";;"6,92";"2,25";"6,5";"1,03";"38,59";"61,65";"0";"0,57";"0,09";"17,64";"8,4";"3,19";"4,65";"0,73";;"14,53";"2,2";"5,22";"1,03";"18,53";"1,55";"0,09";"0";;;"2,19";"39,67";;"2,09";"284,72";2
2020;4;"1,77";"0,03";"0,03";"1,01";"2,84";"1,85";"15,54";"1,38";"0,72";"3,37";"0,96";"0,32";;"1,92";"14,47";"2,84";"0,01";"0,02";"5,63";"0,01";"0,3";"0,07";"8,02";"45,13";;"1,61";"0,6";"1,73";"0,6";"22,83";"32,64";"0";"0,54";"0,05";"14,8";"8,19";"2,44";"5,24";"0,7";;"13,99";"2,34";"3,1";"0,01";"12,64";"1,02";"0,15";"0,02";;;"1,83";"22,94";;"1,92";"187,23";2
